Bebauungsplan,450582
Bodennutzung,428745
earth science > paleoclimate > tree ring,343833
inspireidentifiziert,342695
Bauleitplan,338062
B-Plan,292426
Bebauungspläne,280254
Bauleitpläne,265564
GDI-BW,258965
Bauvorschrift,255069
Bauplatz,255023
Bauplätze,253019
infoMapAccessService,196265
PlannedLandUse,181607
infraLocal,178402
"Planungsunterlagen, Kataster",166956
infoFeatureAccessService,157241
XPlanung,141753
Geoscientific information,133467
XPlanGML,132115
XPlanung 5.0,128208
opendata,116939
time,112870
latitude,100227
longitude,100071
Bauleitplanung,99130
Report,96900
Oceans,92235
2f23ed6e-0186-4c2b-8380-748389036509,91449
earth science,89841
ocean,84483
oceans,78813
Oberflächenbeschreibung,75303
AdVMIS,68979
Geobasisdaten,66715
"Climatology, meteorology, atmosphere",65128
Borehole,60151
Municipal,55841
environment,55323
noaa,52502
Bplan,51489
atmosphere,48597
données ouvertes,47421
Baugenehmigung,46722
biosphere,46629
Imagery base maps earth cover,46311
sea_water_temperature,46243
u.s. department of commerce,42946
oceanography,40887
Bản đồ nền,40092
Öffentliche Pläne,39579
county or equivalent entity,39178
Environment,38892
Raumbezogene Information,38119
Geoinformation,38062
water,37978
Administração Direta,37960
Geology,36039
Planification/Cadastre,35597
nesdis,35191
doc/noaa/nesdis/ncei,34922
national centers for environmental information,34922
continent,34447
depth,34250
Gemeinde,34096
Ausgaben,33814
Haushalt,33796
Einnahmen,33772
Gemeindefinanzen,33676
Offenerhaushalt.at,33673
biology,33148
Published_External,32984
united states of america,32795
sea_water_practical_salinity,32792
Lokal,32776
BSRN,32521
Baseline Surface Radiation Network,32519
bathymetry,32221
BPlan,31992
Rechnungsabschluss,31836
data,31826
Prefeitura,31747
AquaMaps,31563
SML,31203
Far East,31202
sea_water_electrical_conductivity,30844
"DOC/NOAA/NESDIS/NCEI > National Centers for Environmental Information, NESDIS, NOAA, U.S. Department of Commerce",30809
Genehmigung nach HBauO,30404
"National Oceanic and Atmospheric Administration, Department of Commerce",30248
north america,30085
PLIS,30005
Department of the Interior,27471
temperature,27385
altitude,27049
water depth,26544
sea,26275
sea_water_pressure,26052
Baugenehmigungsverfahren nach § 62 HBauO,26021
unknown,25988
bathymetry/seafloor topography,25238
in situ ocean-based platforms,24281
seafloor topography,23994
GEOSCIENCES-Geology,23920
Bezirk Wandsbek,23648
"Zones de gestion, de restriction ou de réglementation et unités de déclaration",23580
conductivity,23553
DOP,23404
New Zealand,23005
salinity,22937
Digitale Orthophotos,22879
state fips code,22702
DOP20,22678
county fips code,22642
profile,22569
Digitale Orthofotos,22464
ANTARCTICA,22425
Bản đồ địa hình quốc gia,22423
IT/PNRA,22309
ships,22076
Informations géoscientifiques,22015
Ecological niche modelling,21425
iMarine,21425
SpeciesDistribution,21423
Bezirk Hamburg-Mitte,21043
seawater,21033
marine,21002
Grabbers/Traps/Collectors,20683
height,20610
Bezirk Altona,20173
VICTORIA LAND,20030
rocks,19976
Federführend Interner Service,19366
Digitales Geländemodell,19352
geoscientificinformation,19336
DGM,19045
science,18941
DGM1,18882
Imágenes satelitales,18511
marine sediments,18460
sediment composition,18436
Vị trí,18408
"Điểm gốc đo đạc, các mạng lưới đo đạc quốc gia",18407
hydrographic surveys for selected locations within the united states (hydro_bathy_2006),18404
Oberflächenmodell,18392
bDOM,18388
Bezirk Hamburg-Nord,18379
hydrography,18377
bildbasiert,18359
Earth Science > Oceans > Salinity/Density > Salinity,18266
density,18231
Earth Science > Oceans > Ocean Pressure > Water Pressure,18107
surface,17978
earth,17900
Earth Science > Oceans > Ocean Temperature > Water Temperature,17758
OCEAN,17634
pressure,17457
Land use,17428
Elevación,17207
doc/noaa/nesdis/ngdc,17031
national geophysical data center,17031
identifier,16960
roads,16618
Legislativo,16557
geophysics,16535
Risque/Zonages Risque naturel,16513
state gnis code,16221
county gnis code,16160
earth science > paleoclimate > paleoceanography,16094
northward_sea_water_velocity,16093
eastward_sea_water_velocity,16075
chemistry,15801
table,15774
mexico,15739
IT/MNA,15470
Vereinfachtes Genehmigungsverfahren nach § 61 HBauO,15287
MODIS,15281
gulf,15210
vegetation,15185
atmospheric conditions,15178
air_temperature,15083
1c349fea-924b-488f-b6a2-e896f40ac897,14871
Dữ liệu ảnh hàng không,14832
oxygen,14827
Earth Science > Oceans > Salinity/Density > Conductivity,14790
Earth Sciences,14690
ctd,14588
sea_water_density,14500
Biota,14488
acoustic sounders,14419
atmospheric,14315
Bezirk Eimsbüttel,14109
"US Census Bureau, Department of Commerce",14107
chlorophyll,13965
Spain,13955
WATER TEMPERATURE,13918
Elevation,13838
sonde,13803
platform,13799
gom,13690
meteorology,13638
aggregate_quality_flag,13613
County or Equivalent Entity,13404
currents,13342
dissolved,13330
Baugesetzbuch  BauGB ,13325
open data,13288
Baunutzungsverordnung  BauNVO ,13281
united-states,13172
Geodaten,13172
permanent edge id,12933
practical,12915
in situ/laboratory instruments,12913
Earth Science > Oceans > Salinity/Density > Density,12818
profilers/sounders,12813
crs,12789
topography,12662
wind_speed,12589
United States,12419
Transportation,12404
Local,12366
fluorescence,12299
Bezirk Harburg,12298
usgs,12096
velocity,12020
O2,12014
pmINSPIREHarvestLKDH,11945
OpenData,11934
bodenbedeckung,11927
instrument,11926
r/v,11840
Federführend Geschäftsstelle der Bezirksversammlung,11804
sea_surface_wave_from_direction,11793
Metamorphic rock,11747
sonar,11743
climate indicators,11742
raw,11738
paleoclimate,11688
Raster,11665
2020,11631
paleoclimate indicators,11511
Earth Science > Oceans > Ocean Chemistry > Oxygen,11508
Umwelt,11497
fisheries,11324
WMS,11258
day,11254
smith,11193
sound navigation and ranging,11146
color,11145
walton,11124
health,11116
ocean color,11067
Điểm tọa độ Hạng III,11067
optics,11062
speed,11057
Inland waters,11039
number,11007
biota,10874
material: null,10856
wind_from_direction,10854
u-s-geological-survey,10852
wind,10832
"DOC/NOAA/NESDIS/NGDC > National Geophysical Data Center, NESDIS, NOAA, U.S. Department of Commerce",10803
dissolved o2,10786
water_surface_height_above_reference_datum,10705
time status_flag,10691
bebauungsplan,10667
GA Publication,10661
geology,10578
Earth Remote Sensing Instruments > Passive Remote Sensing > Positioning/Navigation > GPS > GPS/IMU > Global Positioning System/Inertial Measurement Unit,10543
County or equivalent entity,10502
NetCDF,10462
earth-science,10451
optical,10442
Boundaries,10414
sea_water_sigma_t,10390
"DOC/NOAA/NESDIS/NODC > National Oceanographic Data Center, NESDIS, NOAA, U.S. Department of Commerce",10385
inlandwaters,10372
trajectory,10365
electrical,10267
Berlin,10226
2019,10218
address range,10209
street centerline,10196
what: age,10170
altimeter,10147
Species Distribution Model,10134
Probability Distribution,10131
Diepholz,10092
radiation,10078
Stadt Stuttgart,9885
Karte,9861
EARTH SCIENCE,9842
road feature,9839
2018,9823
observational astronomy,9817
topological faces,9774
geodata,9765
Índice de vegetación,9717
5-digit zip code,9693
from house number,9693
side indicator flag,9693
to house number,9693
zip +4 code,9693
sea_floor_depth_below_sea_surface,9660
air,9641
Environnement,9608
transmission,9600
EARTH SCIENCE > Oceans > Bathymetry/Seafloor Topography > Bathymetry,9580
2021,9579
attenuation,9542
CONTINENT > NORTH AMERICA > UNITED STATES OF AMERICA,9541
2017,9513
Australia,9451
properties,9451
Hydrography,9444
Temperature,9379
physical,9363
Earth Science > Oceans > Bathymetry/Seafloor Topography > Bathymetry,9362
wmo,9347
Vermessung,9314
sensor,9277
glider,9266
underwater glider,9189
coastal,9185
2016,9175
par,9159
karte,9156
Federführend Fachamt Interner Service,9142
Coastal Data Information Program (CDIP),9141
Earth Science > Oceans > Bathymetry/Seafloor Topography > Seafloor Topography,9141
pacific ocean,9137
available,9134
sea_surface_temperature,9133
fraction,9133
In Situ/Laboratory Instruments > Profilers/Sounders > Acoustic Sounders > > SONAR > Sound Navigation and Ranging,9089
Stadtentwicklung,9052
railways,9032
photosynthetically,9024
optical properties,9018
statistics,9015
Usage des sols,8999
beam,8976
united states,8962
sbe,8954
oxygenRaw,8908
OCEANS,8893
EARTH SCIENCE > Oceans > Bathymetry/Seafloor Topography > Water Depth,8893
OCEAN WAVES,8882
América del Sur,8866
bodennutzung,8864
Oceanographic geographical features,8856
EARTH SCIENCE > Oceans > Bathymetry/Seafloor Topography > Seafloor Topography,8843
GRAVITY WAVES,8843
WIND WAVES,8843
"Coastal Data Information Program, SIO/UCSD",8843
EARTH SCIENCE > Oceans > Marine Sediments > Sediment Composition,8835
vermessung,8827
Hydrographic Surveys for Selected Locations Within the United States (hydro_bathy_2006),8826
Regional,8778
EARTH SCIENCE > OCEANS > OCEAN TEMPERATURE > WATER TEMPERATURE,8764
agriculture,8745
Planowanie katastralne,8707
speed_of_sound_in_sea_water,8690
irradiance,8685
climate change,8683
In Situ Ocean-based Platforms > SHIPS,8682
flux,8674
Bezirk Bergedorf,8652
sound,8619
radiance,8613
chelsea,8609
boundaries,8597
hxl,8592
chelsea/seatech,8564
seatech,8564
volume,8560
alaska,8547
chen,8524
chen-millero,8524
millero,8524
Verkehr,8496
land records,8468
coefficient,8464
imagerybasemapsearthcover,8449
grid,8449
Änderungsbescheid,8407
Visibility,8384
beamAttenuation,8384
volume_beam_attenuation_coefficient_of_radiative_flux_in_sea_water,8379
Earth Science > Oceans > Ocean Optics > Radiance,8378
university,8363
beamTransmission,8356
national ocean service,8326
education,8323
Deutschland,8290
shoreline,8223
active,8208
DatosGobMX,8202
datos-gob-mx,8202
Earth Science > Oceans > Ocean Optics > Attenuation/Transmission,8201
conductivity2,8196
radiative,8088
platform_id,8045
mapping,8040
earth remote sensing instruments,8030
EARTH SCIENCES,8016
Earth sciences,8010
water temperature,7983
sea_surface_wave_significant_height,7971
Geochemistry,7964
research vessel,7945
cruise,7914
geophysical survey,7909
verkehr,7903
Earth Science > Oceans > Bathymetry/Seafloor Topography > Water Depth,7897
AQUA,7832
florida,7820
school,7810
air_pressure,7783
institute,7769
passive remote sensing,7743
spar,7711
NERC_DDC,7708
Cobertura de la tierra con mapas básicos e imágenes,7688
platform_orientation,7678
dissolved oxygen,7651
Océanos,7637
Ocean,7629
transportation,7617
photosynthetic,7603
concentration,7569
Data Kasus Kekerasan,7558
par/irradiance,7558
2022,7550
sigma,7547
heat,7537
CTD,7529
heat flux,7517
In Situ Ocean-based Platforms > Ships,7493
National,7489
Record,7481
relative_humidity,7460
What: total ring width; Material: null,7446
gps,7400
downwelling,7378
diffuse,7376
State FIPS Code,7375
salinity2,7368
temperature2,7368
In Situ/Laboratory Instruments > Profilers/Sounders > Acoustic Sounders,7367
"Data Analysis and Visualization > Geographic Information Systems
          > Web-Based Geographic Information Systems",7366
Data Management/Data Handling > Data Search and Retrival,7366
Data Analysis and Visualization > Visualization/Image Processing,7366
acoustic,7364
In Situ/Laboratory Instruments > Profilers/Sounders > Acoustic Sounders > MSBS > Multibeam Swath Bathymetry System,7364
In Situ/Laboratory Instruments > Profilers/Sounders > Acoustic Sounders > MBES > Multibeam Mapping System,7364
In Situ/Laboratory Instruments > Profilers/Sounders > Acoustic Sounders > SONAR > Sound Navigation and Ranging,7364
Earth Remote Sensing Instruments > Passive Remote Sensing > Positioning/Navigation > GPS > GPS Receivers,7364
LST,7361
california,7359
Temperatura,7358
County FIPS Code,7356
mbes,7297
sea_water_electrical_conductivity status_flag,7296
Zagospodarowanie przestrzenne,7290
wind_speed_of_gust,7279
sea_water_pressure status_flag,7259
Planung,7227
name,7225
seabird,7198
lokal,7197
sea_water_temperature status_flag,7197
earth science > paleoclimate > paleolimnology,7197
winds,7174
indicators,7162
cso,7161
Stadtplanung,7140
TERRA,7086
bauleitplanung,7071
sea_water_density status_flag,7049
geospatial-datasets,7009
gps receivers,6995
quality,6995
Topology,6991
multibeam mapping system,6977
911plus,6976
Topographic Map,6972
louisiana,6971
positioning/navigation,6968
river_discharge,6959
Earth Science > Atmosphere > Atmospheric Radiation > Radiative Flux,6941
msbs,6934
multibeam swath bathymetry system,6934
global positioning system/inertial measurement unit,6933
gps/imu,6933
sigmat,6893
population,6877
Earth Science > Biosphere > Vegetation > Photosynthetically Active Radiation,6857
Wind,6856
Meteorological geographical features,6848
Salinity,6847
acoustics,6827
beam attenuation,6821
Voranschlag,6805
latitude status_flag,6784
longitude status_flag,6784
surface_diffuse_downwelling_photosynthetic_radiative_flux_in_air,6780
elevation,6759
2015,6759
Earth Science > Oceans > Ocean Acoustics > Acoustic Velocity,6720
Igneous material,6718
coastal processes,6703
Relieve,6687
MDT,6675
block group,6665
studies,6664
cooperative,6654
beam transmission,6649
volume_fraction_of_oxygen_in_sea_water,6648
Modelo Digital de Terreno Hidrológicamente Consistente,6647
MDTHC,6647
svcm1,6644
cimas,6640
sigmat2,6640
Marine Biodiversity Observation Network,6640
v,6630
bplan,6627
Location,6605
biological records,6602
open-data,6595
linear feature,6561
mass_concentration_of_oxygen_in_sea_water,6546
census,6541
Ortoimagen,6511
Imágenes Orto-rectificadas,6509
Foto Aérea,6509
wetland,6503
Verteilung der Bevölkerung — Demografie,6491
BiodiversityLab,6487
7614324,6477
WORMS   209390,6477
sea_surface_wave_period_at_variance_spectral_density_maximum,6477
census tract number,6474
5 digit zip code tabulation area code,6472
alaska native regional corporation fips code,6472
american indian/alaska native/native hawaiian areas census code,6472
consolidated city fips code,6472
county subdivision fips code,6472
elementary school district local education agency code,6472
legislative session year,6472
metropolitan statistical area/consolidated metropolitan statistical area fips code,6472
new england county metropolitan area fips code,6472
primary metropolitan statistical area fips code,6472
secondary school district local education agency code,6472
state legislative district lower chamber code,6472
state legislative district upper chamber code,6472
tabulation block number,6472
tribal subdivision code,6472
unified school district local education agency code,6472
urban area code,6472
urban growth area code,6472
fips place code for all places,6471
subminor civil division fips code in puerto rico,6471
public use microdata area codeland/water flag,6470
rreservation or off-reservation trust land indicator,6468
Precipitation,6464
AUVS > Autonomous Underwater Vehicles,6437
Slocum,6426
Spray,6426
SEA SURFACE TEMPERATURE,6423
Argo,6416
USGS,6398
width,6385
sea_surface_wave_zero_upcrossing_period,6380
Bodenbedeckung,6369
Water Temperature,6352
west,6338
ocean temperature,6290
volts,6280
sbe43,6267
seapoint,6258
hydrology,6215
groundwater,6194
NCI,6192
covid-19,6190
stellar astronomy,6185
Kasus Kekerasan,6167
Fisheries,6157
WAVE PERIOD,6143
In Situ Ocean-based platforms > Seaglider,6117
polygon,6106
coastal-and-marine-geology-program,6084
fish,6075
digital flood insurance rate map,6045
dfirm,6027
tree rings,6024
PacIOOS > Pacific Islands Ocean Observing System,6024
eu,6018
cmgp,6016
tree-ring,6006
GADDS2.0,6006
marsh,5995
Earth Science > Climate Indicators > Paleoclimate Indicators > Biological Records > Tree Rings,5992
Earth Science > Paleoclimate > Land Records > Tree Rings,5992
humanGeographicViewer,5991
pmInspireHarvestLKWST,5941
Forecast,5917
Aménagement Urbanisme/Zonages Planification,5910
Landkreis Ammerland,5901
earth science > paleoclimate > tree-ring > width,5891
tree ring,5886
2014,5884
Wind gust,5872
Dewpoint,5868
Maximum Temperature,5867
Minimum Temperature,5866
Past weather,5866
Present weather,5866
PACIFIC OCEAN,5818
U.S. Geological Survey,5817
gis,5810
sea_surface_wave_mean_period_from_variance_spectral_density_first_frequency_moment,5784
wave_frequency,5784
Teilbebauungsplan,5733
kecamatan,5730
Zones à risque naturel,5727
sea_surface_wave_variance_spectral_density,5679
Conductivity,5673
Open Data,5659
Budget,5646
protection,5609
station,5609
evaluation,5592
sea_water_speed,5585
WAVE SPECTRA,5567
EARTH SCIENCE > OCEANS > SALINITY/DENSITY > SALINITY,5559
SIGNIFICANT WAVE HEIGHT,5544
WAVE FREQUENCY,5543
WCRP,5515
Sulingen,5515
Naturschutz,5507
range,5480
gulf of mexico,5479
OCEAN TEMPERATURE,5435
what: total ring width,5422
airborne digital data,5420
#PSDI,5420
restoration,5378
coast,5367
Vorbescheidsverfahren nach § 63 HBauO,5366
country/territory,5361
Vorbescheid nach § 63 HBauO,5347
ngda,5331
110.000,5322
location,5319
2013,5292
umwelt,5291
north-america,5286
ocean basin,5279
EPV,5259
coastal survey,5256
France,5255
coastal maps,5250
Budget Commission,5213
chlorophyll-a,5195
AquaMaps Native 2050,5175
1:10.000,5168
land,5165
2011,5161
africa,5151
SALINITY,5146
habitat,5130
Verbandsgemeinde,5113
mass,5112
state or equivalent entity,5098
DTK,5095
cartography,5015
Digitale Topographische Karte,5015
Optics,5009
 Photonic Crystals,5007
 Polarisation,5007
lwe_thickness_of_precipitation_amount,4965
Air Temperature,4963
AquaMaps Native,4955
State GNIS Code,4940
percentage,4938
BPL,4935
circulation,4934
altimeter_range,4932
Roads,4922
County GNIS Code,4920
Karten,4910
u.s.,4875
volume_beam_transmission_percentage_of_radiative_flux_in_sea_water,4872
downwelling_photosynthetic_radiance_flux_in_sea_water,4872
new mexico,4844
air temperature,4830
EU,4809
precipitation,4796
Federführend Dezernat Steuerung und Service,4795
Government information,4778
Lebensmittel,4771
eastward_sea_water_velocity status_flag,4760
northward_sea_water_velocity status_flag,4760
depth status_flag,4760
SHIPS,4760
Ortofoto,4760
MDTCN_2019,4739
energy,4737
Futtermittel,4732
lebensmittel,4718
Dienst für den Zugriff auf grafische Darstellungen,4717
land-water,4714
futtermittel,4697
Strahlenschutzvorsorge,4685
deepwater horizon,4681
strahlenschutzvorsorge,4676
IMGCN_2019,4670
degrees,4664
sea_water_salinity,4660
atlantic ocean,4652
Agriculture,4648
hawaii,4647
ppr,4645
Winds,4639
Temperature of the water column,4637
national,4627
Flächennutzungsplan,4616
miami,4607
Plutonic rock,4594
dataset,4572
Salinity of the water column,4568
Habitats,4565
salinity/density,4556
OpenDocument,4550
Table,4538
Water Level,4537
coris_metadata,4530
1:5.000,4526
DTK5,4525
instrument1,4521
ABI,4519
2012,4514
chla,4512
turbidity,4510
Meteorología sinóptica,4509
GOES16,4509
land surface,4505
10-day,4493
apex,4488
ema,4475
float,4469
floats,4469
initial,4467
error_velocity,4464
Schutzgebiet,4463
sbe9,4461
ctd-sbe9,4460
em-apex,4460
rosenstiel,4460
Three-Dimensional Gulf Circulation and Biogeochemical Processes Unveiled by State-of-the-Art Profiling Float Technology and Data Assimilative Ocean Models.,4460
organic,4452
galactic and extragalactic astronomy,4451
Barometric Pressure,4431
wetland-ecosystems,4412
level,4412
CoRIS_Metadata,4412
Gneiss,4410
water column,4404
Điểm độ cao Hạng III,4397
Structure,4395
meteorological,4392
sea_water_sigma_theta,4377
waves,4373
Ergebnishaushalt,4367
Finanzierungshaushalt,4359
economy,4351
VRV,4350
Vermoegenshaushalt,4349
usa,4348
D4Science,4336
geospatial datasets,4330
national marine fisheries service,4328
vertical location,4321
Satellite,4319
coastwatch,4315
maryland,4308
corals,4305
INSPIRE,4301
статистика,4298
lamma,4262
lidar,4252
Chlorophyll-a,4246
zoology,4243
climate,4238
cdom,4229
Transport,4217
"present,empty",4210
bauleitplan,4209
USGS National Water Information System (NWIS),4206
Street Centerline,4206
Address Range,4200
Road Feature,4198
EARTH SCIENCE > OCEANS > BATHYMETRY/SEAFLOOR TOPOGRAPHY > WATER DEPTH,4195
magliozzi,4185
Productivity,4179
Census,4169
MarineScienceLab,4162
d4science.research-infrastructures.eu D4OS Marine,4162
regionale,4157
Feeding,4152
OPFish,4144
line,4143
North Atlantic Ocean,4137
REGI,4132
A Coruña,4129
backscatter,4119
platform_pitch_angle,4109
platform_roll_angle,4109
Vegetation,4108
Photometry,4103
global,4066
land use,4042
matter,4039
colored,4027
Water,4026
Federführend D1 - Dezernat Steuerung und Service,4014
2010,4014
period,4014
marine-geology,4012
NDVI,3988
monitoring,3980
geomorphology,3972
WFS,3965
rate,3961
coral reefs,3956
statistični podatki,3948
Statistični urad Republike Slovenije,3947
direction_of_sea_water_velocity,3941
Permanent edge ID,3938
oregon,3933
Monthly,3923
SAR,3922
colorado,3920
dew_point_temperature,3918
Vigo,3914
Gesellschaft,3907
Działki katastralne,3907
reef monitoring and assessment,3905
nasa,3895
sea_water_salinity status_flag,3892
wcn,3888
national geospatial data asset,3856
Varel,3845
Landkreis Friesland,3841
pmINSPIREHarvestLKFRI,3841
firm,3838
Freiburg im Breisgau,3833
kataster,3832
nfip,3820
X-Planung,3813
EVI,3809
fractional_saturation_of_oxygen_in_sea_water,3808
international rosetta mission,3806
international-rosetta-mission,3804
washington,3799
flood insurance rate map,3798
special flood hazard area,3798
pprn,3793
sfha,3792
woods-hole-coastal-and-marine-science-center,3784
floodway,3778
average,3777
fema flood hazard zone,3776
south,3776
north atlantic ocean,3771
base flood elevation,3766
Alueellinen,3765
sea_water_potential_temperature,3751
AU-WA,3742
dfirm database,3741
działka ewidencyjna,3738
Earth Science > Oceans > Ocean Chemistry > Chlorophyll,3737
comune-firenze,3735
Temperature of the water body,3732
flag,3729
granica,3728
mapa ewidencyjna,3726
budynek,3726
punkt graniczny,3725
użytek gruntowy,3725
kontur gleboznawczej klasyfikacji gruntów,3725
właściciel,3725
władający,3725
Vertical spatial coordinates,3718
flat_line_test_quality_flag,3713
gross_range_test_quality_flag,3713
NDGO0001,3702
rate_of_change_test_quality_flag,3701
spike_test_quality_flag,3701
npp,3696
radiometrics,3695
"Federführend Dezernat Wirtschaft, Bauen und Umwelt",3692
145,3678
Durchführungsplan,3675
Twistringen,3662
aquatic ecosystems,3653
Earth Science > Oceans > Ocean Circulation > Ocean Currents,3649
forestry-and-food,3643
administrative boundaries,3637
1:25.000,3630
Atlantic Ocean,3621
California,3605
marine-geophysics,3596
U.S.,3593
benthic,3592
massachusetts,3587
CoastWatch (https://coastwatch.noaa.gov/),3582
Geowissenschaften,3577
Nationalparks Austria,3568
us,3563
demographics,3563
Humedad de suelos,3561
Environmental monitoring facilities,3557
Regionale,3554
planning,3552
Umring,3542
EASTERN PACIFIC OCEAN,3542
remote-sensing,3541
numeric data sets,3520
distributions,3518
Ocean Carbon Data System (OCADS) Project,3518
jahr,3515
riverine flooding,3512
kesehatan,3512
Boden,3506
Web Map Service,3505
Oceanography,3501
3km,3493
arw,3492
eastward,3489
doqq,3485
inondation,3484
passerelle-inspire,3475
OCEAN > ATLANTIC OCEAN > NORTH ATLANTIC OCEAN,3467
Gulf of Mexico,3459
reef,3455
Oceans > Ocean Temperature > Water Temperature,3455
chlorophyll fluorescence,3451
current,3447
Ilmastotiede/meteorologia/ilmakehä,3446
Planning,3443
donnees-ouvertes,3440
Topological Faces,3439
cal-fire,3437
doc/noaa/nos/ngs,3434
national geodetic survey,3434
Saarland,3431
deposited plan (DP) boundaries,3420
Maori blocks,3420
subdivision boundaries,3420
survey districts,3420
trigonometrical stations,3420
Service d’accès aux cartes,3418
soil,3417
ntmps,3408
pre-approval-maps,3408
thps,3408
"CTD > Conductivity, Temperature, Depth",3405
raster,3404
hmbtg,3398
InfoMapAccessService,3397
texas,3394
georgia,3385
"DOC/NOAA/NOS/NGS > National Geodetic Survey, National Ocean Service, NOAA, U.S. Department of Commerce",3381
Oceans > Salinity/Density > Conductivity,3377
feature,3375
росстат,3363
125.000,3361
емисс,3360
Oceans > Salinity/Density > Salinity,3358
linear,3357
2009,3357
Geologie,3354
virginia,3352
vector,3352
ocean acoustics,3348
aquatic sciences,3347
ecosystems,3346
transport,3340
mcloud_category_waters,3336
wetlands,3335
central pacific ocean,3329
WMS 1.3.0,3325
geographic-information-system,3324
WMS 1.1.1,3317
Modelos de estimación,3316
Oceans > Salinity/Density > Density,3307
permanent face id,3297
conservation,3293
21,3290
whcmsc,3287
CMIP5,3286
Germany,3273
sst,3263
North Pacific Ocean,3263
wildlife,3260
sea_water_practical_salinity status_flag,3254
Shoreline,3248
2008,3244
feature names,3238
prefix direction code,3238
prefix qualifier code,3238
prefix type code description,3238
suffix direction code,3238
suffix qualifier code,3238
suffix type code,3238
maftiger feature class code,3237
primaryalternate code,3237
AWAGS,3237
land/water flag,3236
115th congressional district code,3236
area hydrography identifier,3235
congressional district code,3233
linearfeature,3232
open_data,3232
modis,3228
orthoimagery,3209
Louisiana,3209
Schutzgebiete,3208
Adresy,3204
харвестинг,3203
rasterdaten,3201
Health,3200
OXYGEN,3200
Argentina,3197
Linear Feature,3195
state-of-louisiana,3186
Alaska,3182
In Situ/Laboratory Instruments > Profilers/Sounders > Acoustic Sounders > > MSBS > Multibeam Swath Bathymetry System,3179
In Situ/Laboratory Instruments > Profilers/Sounders > Acoustic Sounders > > MBES > Multibeam Mapping System,3179
Earth Remote Sensing Instruments > Passive Remote Sensing > Positioning/Navigation > GPS > GPS RECEIVERS,3179
2006,3174
EARTH SCIENCE > OCEANS > OCEAN CHEMISTRY > OXYGEN,3169
"Öffentliche Verwaltung, Haushalt und Steuern",3157
Adres,3147
crms,3145
EMUiA,3145
Część miasta,3144
Numer porządkowy,3144
Punkt adresowy,3144
Ressource,3143
Miasto,3143
Osiedle,3143
Dzielnica,3143
Jednostka administracyjna,3143
Ulica,3143
Część wsi,3141
Kod pocztowy,3141
Kolonia,3141
Miejscowość,3141
Osada,3141
Przysiółek,3141
Wieś,3141
raumbezogene-information,3139
CMGP,3131
nevada,3129
Coastal and Marine Geology Program,3129
Lokalne,3128
15,3126
Gebäude,3124
geoinformation,3121
AU,3120
earth science > paleoclimate > ice cores,3112
PLU,3105
cloud cover,3103
ALBERTA,3087
09,3086
CMIP6,3086
settlements,3085
OCEAN > PACIFIC OCEAN > NORTH PACIFIC OCEAN,3081
northward,3076
Axiom Data Science,3076
atlantic-ocean,3074
Europe,3073
volcanic-ash,3067
1221,3065
Granitic rock,3065
sea_surface_height_amplitude_due_to_geocentric_ocean_tide,3059
ATLANTIC OCEAN,3059
öffentliche-pläne,3057
Dissolved oxygen parameters in the water column,3057
Thüringen,3055
earth science > paleoclimate > borehole,3049
Mongolia,3046
EARTH SCIENCE > Oceans > Coastal Processes > Coral Reefs,3046
Bathymetry,3044
volcanic-eruption-forecasting,3039
erosion,3032
what: number of samples,3031
NORTH ATLANTIC OCEAN,3031
2007,3026
water quality,3024
03,3023
Autarquia,3019
Environmental Monitoring,3019
contours,3014
GIS,3004
MOS,2991
remote sensing,2989
coral,2978
67p-churyumov-gerasimenko-1-1969-r1,2977
67p/churyumov-gerasimenko 1 (1969 r1),2977
AU-NT,2976
hmbtg_12_oeffentliche_plaene,2972
In Situ Ocean-based platforms,2969
GPM,2964
Variable fluorescence parameters,2960
NGDA,2958
Rheinland-Pfalz,2956
Wirtschaft,2950
State or Equivalent Entity,2950
what: tree ring standardized growth index,2948
east,2946
Practical salinity of the water body,2945
gravity,2943
alabama,2939
Florida,2939
Total cloud cover,2934
From House Number,2934
To House Number,2934
Side indicator flag,2934
5-digit ZIP code,2934
ZIP +4 code,2934
Model Output Statistics,2933
Akt planowania przestrzennego,2931
Zasięg aktu planowania przestrzennego,2931
Struktura przestrzenna,2931
Struktura funkcjonalna,2931
development,2928
National Geospatial Data Asset,2922
environmental,2921
Rasterdaten,2919
2005,2912
crust,2910
México,2908
AU-QLD,2907
satellite,2904
ocean pressure,2890
soil and sediment,2889
climatology_test_quality_flag,2882
airborne,2879
hydrogeology,2877
forecast_reference_time,2872
sea_water_turbidity,2865
WA,2863
maine,2853
data agregat,2851
Northwest Atlantic Ocean (40W),2850
Electrical conductivity of the water column,2849
utah,2848
what: depth,2840
Other,2827
orthophoto,2827
Light absorption in the water column,2823
regional,2815
sea-floor-characteristics,2813
location_test_quality_flag,2812
plis,2811
weiblich,2811
gap_test_quality_flag,2810
syntax_test_quality_flag,2810
county,2808
water level,2806
mississippi,2805
GDB GDI-BW,2802
no-tag,2801
economics,2799
budget,2791
ocean/lake records,2789
Limites,2788
retrait-gonflement,2788
tabelle,2783
arizona,2782
point,2782
kependudukan,2777
spray,2775
soils,2775
FAAM,2770
slocum,2764
DEM,2761
Schleswig-Holstein,2752
western pacific ocean,2751
Consolidado,2750
coastal flooding,2750
Planned Land Use,2749
MODIS-Aqua,2749
imagen satelital,2748
InfoProductAccessService,2744
Helmstedt,2741
Density of the water column,2739
männlich,2734
potential,2733
GlobalExchange,2720
GEOSCIENTIFICINFORMATION,2718
imagery,2717
ecology,2710
seabed,2708
Hà Nội,2706
Earth Science > Oceans > Ocean Acoustics,2705
atmospheric measurments,2704
Landkreis Diepholz,2701
great lakes,2695
biodiversity,2692
Amon,2692
error,2689
Service d’accès au produit,2687
SAOCOM,2687
new-york,2685
sopac-commission,2685
Altitude,2681
NOAA Center for Operational Oceanographic Products and Services (CO-OPS),2675
mars,2672
water oceans and coasts theme,2671
Vertical Location > Water Column,2669
Utilities communication,2660
geochemistry,2659
Hamburg,2659
cosmology,2658
noaa shoreline,2654
GRAND_PUBLIC,2653
risque,2648
saturation,2647
aqua,2646
forested-wetland,2645
boundary,2643
CANADA,2642
cbrs,2631
Mecklenburg-Vorpommern,2631
profiles,2629
light,2629
emergent-wetland,2627
coastal barrier resources system,2626
Optical astronomy,2622
climate-change,2620
Number,2619
2004,2618
FNP,2618
Datum,2618
Water Oceans and Coasts Theme,2617
coastal-processes,2616
alteration-of-wetland-habitats,2615
scrub-shrub-wetland,2615
geschlecht,2611
geo,2610
pmInspireHarvestLKHE,2610
mass_concentration_of_chlorophyll_a_in_sea_water,2607
Government,2604
NOAA Shoreline,2598
Edewecht,2597
kalbar,2596
Dữ liệu ảnh viễn thám,2595
Risque/Inondation,2588
Biologie,2587
node,2587
europe,2584
sea_surface_height_above_sea_level,2584
InfoFeatureAccessService,2583
Visible waveband radiance and irradiance measurements in the water column,2581
Oceans > Ocean Pressure > Water Pressure,2578
magnetic,2577
phosphate,2572
region 04,2570
Block Group,2564
Service d’accès aux éléments,2563
Raumordnung und -planung,2562
Staatsarchiv Hamburg,2560
wisconsin,2560
chemical,2560
ministerial orders,2555
north,2551
Indonesia,2549
Baden-Württemberg,2544
age,2542
GIS-DATA,2538
Anthracnose,2536
Drucksache,2535
Relative Humidity,2530
Downloadable Data,2526
700nm,2525
Monitoring,2522
Economy,2521
management,2517
date,2515
Amtliche Karte,2515
eco,2514
GRAND PUBLIC,2514
Versorgungswirtschaft und staatliche Dienste,2513
aerial,2512
Currents,2509
LicitaCon,2508
Habitats and biotopes,2507
theta,2506
Umweltatlas,2503
Rain Fall,2503
potassium,2502
pH,2500
Harmonic Constituents,2500
Water Level Predictions,2500
CMIP,2497
Grand public,2497
scan,2494
department,2492
fx,2490
Santé,2489
pennsylvania,2488
marine geophysics,2488
magnetic-field-earth,2484
Bauvorhaben,2478
united-states-of-america,2476
system,2475
CTDTMP,2473
uranium,2472
XBT > Expendable Bathythermographs,2469
DREAL,2469
Thành phố Hà Nội,2464
Ocean Currents,2462
mammals,2457
omnidirectional_photosynthetic_spherical_irradiance_in_sea_water,2452
WFS 1.1.0,2448
employment,2447
battery_voltage,2445
mosaic,2440
Global,2438
Brandenburg,2437
datum,2435
coastal-and-marine-hazards-and-resources-program,2431
survey,2430
river,2428
United States Coast Guard,2427
5 digit ZIP Code Tabulation Area Code,2426
American Indian/Alaska Native/Native Hawaiian Areas Census Code,2426
Census Tract Number,2426
Consolidated City FIPS Code,2426
County Subdivision FIPS Code,2426
Elementary School District Local Education Agency Code,2426
Legislative Session Year,2426
New England County Metropolitan Area FIPS Code,2426
Primary Metropolitan Statistical Area FIPS Code,2426
Secondary School District Local Education Agency Code,2426
State Legislative District Lower Chamber Code,2426
State Legislative District Upper Chamber Code,2426
Tabulation Block Number,2426
Unified School District Local Education Agency Code,2426
Urban Growth Area Code,2426
Alaska Native Regional Corporation FIPS code,2425
Metropolitan Statistical Area/Consolidated Metropolitan Statistical Area FIPS Code,2425
Tribal Subdivision Code,2425
Urban Area Code,2424
scan number,2424
exploration,2423
Rreservation or Off-reservation Trust Land Indicator,2421
SubMinor Civil Division FIPS Code in Puerto Rico,2420
FIPS Place Code For All Places,2420
Public Use Microdata Area CodeLand/water Flag,2419
EARTH SCIENCE > ATMOSPHERE > ATMOSPHERIC PRESSURE,2417
kalimantanbarat,2411
map,2411
cmhrp,2410
Transport networks,2404
inlandWaters,2400
barometric pressure,2398
plu,2396
biological classification,2395
wet,2389
measured,2387
bathythermograph - XBT,2386
Behörde,2383
image-collections,2379
North America,2369
Nordrhein-Westfalen,2368
labs,2368
species,2367
tabella,2362
Bremen,2358
nscan,2356
missouri,2354
50K scale,2353
Hessen,2350
mon,2349
wyoming,2348
tableau,2348
east-west,2346
oceanografía,2346
Eaux intérieures,2344
stewardship,2343
Canada Water Office,2342
Protected sites,2342
staatsarchiv-hamburg,2340
Baupolizeiverodnung vom 08.06.1938  BPVO ,2332
montana,2332
Nuisance/Bruit,2331
EARTH SCIENCE > OCEANS > OCEAN PRESSURE > WATER PRESSURE,2327
Land,2320
Earth Science > Oceans > Ocean Temperature > Potential Temperature,2320
spectral/engineering,2319
impedance,2317
tipper,2316
mean,2315
status,2315
flood hazard data,2310
north-south,2310
weather,2305
atmos,2305
berlin,2303
Society,2302
good,2299
water-quality,2298
United Kingdom,2296
counts,2296
reef assessment and monitoring program (ramp),2295
food security,2291
Stadt Aalen,2290
budgets,2289
mass_concentration_of_color_dissolved_organic_matter_in_sea_water,2288
mass_fraction_of_chlorophyll_a_in_sea_water,2288
Ilmaston maantieteelliset ominaispiirteet,2285
HYDROSTATIC PRESSURE,2285
Reef Assessment and Monitoring Program (RAMP),2285
land-surface,2283
wetland-restoration,2283
quality_flag,2282
#INSPIRE,2280
sea_water_ph_reported_on_total_scale,2277
conversion,2277
ocean chemistry,2276
Bacteria,2273
solar_irradiance,2272
input,2269
animal husbandry,2264
Weather,2264
type,2261
pacific-coastal-and-marine-science-center,2260
doc/noaa/nmfs,2259
rotation,2259
BATHYTHERMOGRAPHS,2259
observation,2256
information,2255
corona,2253
bathythermograph - BT,2251
ascension,2250
Wildlife,2246
silicate,2245
bad,2244
chorophyll,2244
Environmental Monitoring Facilities,2242
idaho,2241
current velocity,2241
multibeam,2240
standard,2237
biogeochemical,2237
afl,2237
eco-afl/fl,2236
bbp,2235
ascensionRate,2232
cold front passage,2232
em-apex floats,2232
rotationPeriod,2232
velocity-error,2232
velocityError1,2232
velocityError2,2232
mcloud_category_roads,2229
thorium,2228
BBP700,2228
BSig,2228
CSig,2228
em-apex float,2228
fsig,2228
Sơn La,2228
Washington,2224
spherical,2217
Earth Science > Oceans > Ocean Optics > Photosynthetically Active Radiation,2211
Federführend Fachamt Sozialraummanagement,2209
baugesetzbuch--baugb,2206
water pressure,2206
AMD,2206
area,2205
image,2205
ocean carbon and acidification data system (ocads) project,2204
cetaceans,2204
Baugesetzbuch (BauGB),2204
baunutzungsverordnung--baunvo,2201
Services d'utilité publique et services publics,2201
rectified image,2198
polar,2198
Yield,2197
wetland ecosystems,2191
Data Lahir,2188
Baunutzungsverordnung (BauNVO),2186
omnidirectional,2180
Soil,2179
US,2178
pcmsc,2175
CONDUCTIVITY,2173
volume_backwards_scattering_coefficient_of_radiative_flux_in_sea_water,2171
CEOS,2171
animals/vertebrates,2166
Cassava,2164
upward_sea_water_velocity,2164
"Alkalinity, acidity and pH of the water column",2163
Pacific Ocean,2161
canada,2155
統計,2153
mt,2152
model,2149
Oregon,2148
south-africa,2147
treasury,2147
IRV,2146
Estrés hídrico,2146
orbiting,2145
features,2141
Colorado,2140
carbon,2136
seafloor,2132
gamma-ray,2130
Catalonia,2130
Land cover,2129
120000,2126
SMOS,2124
MIRAS,2123
coastal-louisiana,2120
FAO,2117
time series,2115
EARTH SCIENCE > OCEANS > SALINITY/DENSITY > CONDUCTIVITY,2115
humidity,2114
popolazione,2112
lead,2108
Planungsrecht,2105
C-MAN,2103
Verkehrswesen,2102
Population,2101
eventdate,2094
lake,2093
Root,2090
tennessee,2089
sediment,2089
Granite,2087
Fibre,2084
BAROMETRIC PRESSURE,2082
marine environment monitoring,2081
Buildings,2080
Blight,2079
Mite,2076
Pendidikan,2075
Dry Matter,2074
air_pressure_at_sea_level,2074
Cassava mosaic,2073
Cassavabase,2072
Hydrogen cyanamide,2072
Periderm,2072
Hamburgisches Bebauungsplangesetz vom 31.10.1923  ,2069
national marine sanctuaries,2068
state,2067
Kentucky,2067
ecosystem,2063
Arizona,2063
doc/noaa/nos/nms,2061
marine geology,2057
Sademäärä,2057
deutschland,2055
Bretagne,2055
Befristete Genehmigung nach HBauO,2051
SALNTY,2051
desa,2050
Imagerie/Cartes de base/Occupation des terres,2049
Niedersachsen,2046
spectrometry,2046
infrastructure,2045
event,2044
sea_water_temperature_2,2044
light_transmission,2044
ground digital data,2043
gsfc,2042
Sachsen,2042
AMD/AU,2038
CONTINENT > NORTH AMERICA > UNITED STATES OF AMERICA > ALASKA,2038
seaIce,2037
Landwirtschaft,2036
Unknown,2035
GEOGRAPHIC REGION > POLAR,2035
gender,2033
OCEAN > SOUTHERN OCEAN,2031
Biote,2030
environmental monitoring,2028
Galaxies,2027
photograph,2027
gulf-of-mexico,2025
nom de la commune,2024
New York,2023
WIND DIRECTION,2022
clouds,2020
magnetics,2020
Landschaftsplanung,2015
historisch,2014
Sachsen-Anhalt,2011
wet labs eco-afl/fl,2009
north-dakota,2007
streamflow,2006
webcam,2006
earth science > paleoclimate > climate reconstructions|paleoceanography,2005
"fluorescence, wet labs eco-afl/fl",2004
geodatabase,2000
NEbatch2,1998
visibility,1996
CTDSAL,1995
Trier,1993
financial-inclusion,1992
12,1992
Polygon,1992
comune-di-arezzo,1991
monthly,1988
stream,1985
dem,1982
"DOC/NOAA/NMFS > National Marine Fisheries Service, NOAA, U.S. Department of Commerce",1982
land cover,1979
michigan,1977
Hawaii,1974
housing,1973
animals/invertebrates,1969
marine habitat,1968
landIce,1968
NEbatch3,1967
direction,1967
inclusão financeira,1966
Verkehrsnetze,1966
hydrophones,1963
Waves,1959
amtliche-karte,1958
geoscientificInformation,1957
Lämpötila,1954
Kiên Giang,1954
aléa,1952
Bayern,1951
WIND SPEED,1950
Wyoming,1950
concentration_of_chlorophyll_in_sea_water,1947
anno,1946
Höhe,1946
MDS,1945
power lines,1943
TAO,1943
00,1942
ocean optics,1940
flood,1939
архивы сайтов,1937
Rainfall,1937
TCARBN,1936
geoportail.lu,1933
children,1932
DART,1931
архив,1930
вебархив,1929
cryosphere,1929
"Federführend D4 - Dezernat Wirtschaft, Bauen und Umwelt",1928
habitats,1928
Grand-Duché du Luxembourg,1928
 Meteorology,1925
NDBC,1925
DISSOLVED OXYGEN,1924
National Data Buoy Center,1924
Moored Buoy,1924
structure,1921
Modelo Digital de Superficie,1921
MDSCU_2019,1921
fixed observation stations,1919
argile,1919
hazards,1914
statistisches-landesamt-des-freistaates-sachsen,1912
ocean circulation,1911
Ocean Temperature,1910
urbanisme,1910
MDTCU_2019,1908
passive acoustic recorder,1905
recorders/loggers,1904
ambient noise,1902
bottle,1902
Bad Zwischenahn,1902
relative humidity,1901
earth science oceans,1899
u.s. navy,1898
Woods Hole Coastal and Marine Science Center,1898
u.s. department of defense,1894
dod/usnavy,1889
sanctsound,1889
noaa-navy sanctuary soundscapes monitoring project,1888
ocean currents,1888
baseline population,1885
resolution,1883
marine ecosystems,1876
cartografia,1876
argiles,1873
atmospheric temperature,1870
record,1867
Earth Science > Oceans > Ocean Temperature > Sea Surface Temperature,1866
seaglider,1865
 Daily,1865
 Monthly,1865
SILCAT,1865
PHSPHT,1865
Volcanic rock,1865
auvs,1863
fishery,1863
bathymetry-and-elevation,1862
set,1862
autonomous underwater vehicles,1861
Infrared photometry,1860
mrp,1859
sea surface temperature,1858
composite,1858
aerial photography,1855
Bebauung,1849
new-mexico,1848
human dimensions,1848
Geographic Information System,1847
minnesota,1845
EARTH SCIENCE > OCEANS > OCEAN CHEMISTRY > NITRATE,1843
1:50.000,1843
Numeric Data Sets > Biology,1840
Statistik,1839
total,1838
total alkalinity,1838
Earth Science | Oceans | Salinity/Density | Salinity,1838
Ortofoto verdadera,1838
IMGCU_2019,1838
electromagnetic-surveying,1836
Lmon,1836
illinois,1835
sex,1833
sciences,1832
Lluvia,1832
Huyện Châu Thành,1832
Nghệ An,1831
arkansas,1827
class,1827
geodaten,1825
digital orthophotography,1825
samples,1824
gebäude,1821
society,1821
Earth Science > Oceans > Ocean Optics > Turbidity,1820
Bali,1817
descent rate,1813
Stadt Ludwigsburg,1812
physical-habitats-and-geomorphology,1811
GUYANE,1809
mineral-resources-program,1808
Marine National Facility,1807
 Pemerintah Provinsi Bali,1805
 Pemprov Bali,1805
data_set_id,1804
zonage réglementaire,1804
facilities-infrastructure,1802
Ocean Acidification Data Stewardship (OADS) Project,1801
Ocean Carbon and Acidification Data System (OCADS) Project,1800
000000,1796
relative,1795
tao,1790
EARTH SCIENCE > ATMOSPHERE > ATMOSPHERIC WINDS > SURFACE WINDS > WIND SPEED,1790
Virginia,1784
TilapiaMap,1781
pendidikan,1781
USA,1780
Lai Châu,1776
local,1775
New Jersey,1774
Services d'utilité publique/Communication,1774
Tỉnh Phú Yên,1774
Relief,1773
100K scale,1772
aerosol,1770
finance,1768
sea_water_practical_salinity_2,1768
Điện Biên,1767
150.000,1766
earth science > paleoclimate > corals and sclerosponges,1766
Utah,1765
farming,1764
technology,1760
Tỉnh Khánh Hòa,1759
coral reef ecology,1758
Geospatial,1754
Réseaux de transport,1754
ALKALI,1753
Wahlen,1751
EARTH SCIENCE > OCEANS > OCEAN CHEMISTRY > PHOSPHATE,1750
tectonics,1748
ESI,1748
Bolivia,1747
BSH,1747
aerial-photography,1746
Statistik Pemsosbud,1746
planning-cadastre,1746
Massachusetts,1746
Huyện,1746
geodesy,1744
ph,1743
Northern Ireland,1734
language,1734
plan,1732
atmospheric water vapor,1730
delaware,1729
EARTH SCIENCE > ATMOSPHERE > ATMOSPHERIC WINDS > SURFACE WINDS > WIND DIRECTION,1729
code,1727
Tỉnh Lâm Đồng,1725
Management,1724
Geographical names,1724
BLM,1722
spatial,1718
The Federal Maritime and Hydrographic Agency,1718
Федеральная служба государственной статистики,1717
FPlan,1714
Bureau of Land Management,1712
deutschland-insgesamt,1709
oxygenSaturation,1708
wave,1707
imaging,1706
Coastal Zone Management,1705
multibeam sonar,1705
kentucky,1704
CeNCOOS,1704
aircraft,1702
modified,1702
phase,1699
identification,1699
Construction,1695
Aufbaugesetz vom 11.04.1949  AufbauG ,1690
EARTH SCIENCE > OCEANS > OCEAN CHEMISTRY > SILICATE,1688
connecticut,1687
Aménagement Urbanisme/Assiette Servitude,1687
law,1684
vektordaten,1679
electric,1676
new york,1674
volume_absorption_coefficient_of_radiative_flux_in_sea_water,1674
sample,1673
change,1672
250K scale,1671
earth science > paleoclimate > paleoclimatic modeling,1670
Infrastructure,1669
cloud,1667
North Carolina,1667
Oil spill planning,1666
license,1664
Medio ambiente,1664
Risque/Zonages Risque technologique,1664
NGDB GDI-DE,1664
COVID-19,1660
Położenie,1660
calibration,1658
WHCMSC,1658
apparent-resistivity,1657
3D,1657
Building,1655
Groundwater,1654
Gewässer,1651
navigational-data,1650
radar,1649
Villingen-Schwenningen,1647
Tỉnh Quảng Nam,1645
north-carolina,1642
denkmal,1642
FrenchTropicalTunaAtlas,1641
usage-des-sols,1640
Education,1639
NASVD,1638
Spectroscopy,1636
project,1636
Continent > North America > United States Of America > Hawaii,1635
rad,1634
Sensitivity maps,1632
Geodesy,1631
Tỉnh Gia Lai,1631
surface water,1630
point located data,1630
Tỉnh Đồng Nai,1630
Nevada,1628
navigation,1627
industrie,1626
Omon,1626
ekonomi,1624
geology-geophysics-and-geochemistry-science-center,1622
hawaiian islands,1621
Straßennamen,1621
Schist,1621
Sachdaten,1618
Hong Kong,1618
Indian Ocean,1616
lokalny,1614
Canada,1611
AIR TEMPERATURE,1610
floods,1608
reservoir,1607
police,1607
"NOAA Water Resources Regions, National Weather Service",1607
DOQQ,1606
conductivity1,1604
soundSpeed1,1604
Tỉnh Bình Thuận,1601
звіт,1597
DEPTH - OBSERVATION,1597
"Ver- und Entsorgung, Kommunikation",1597
coral reef,1596
ambiente,1594
gggsc,1591
Economie,1591
Recreation,1590
Tỉnh Đắk Lắk,1589
per,1588
kml,1586
t-sheet,1584
State of Louisiana,1584
NITRATE,1583
Bauwerke,1581
md,1579
aquifer,1577
mass_concentration_of_chlorophyll_in_sea_water,1577
stichtag,1576
Geodetic Data,1576
Tỉnh Sơn La,1576
Consórcio Administrativo,1575
1219,1574
Toponymy,1574
business activity,1573
United States of America,1572
earth science > paleoclimate > climate reconstructions|tree ring,1572
dukcapil,1571
nps,1571
penduduk,1569
CRMS,1569
Bevölkerung,1568
ddt54,1568
"DOC/NOAA/NOS/NMS > National Marine Sanctuaries, National Ocean Service, NOAA, U.S. Department of Commerce",1568
LONGITUDE,1567
Historisch,1567
tp-sheet,1566
denkmalliste,1566
geospatial,1566
LATITUDE,1566
kulturdenkmal,1565
research,1565
ppri,1565
occurrenceid,1564
average_speed_of_sound_in_sea_water,1564
NITRAT,1563
family,1562
value,1561
Species distribution,1560
geoscientific-information,1560
Tuna,1558
mole,1558
AUSGeoid98,1558
magnetic field (earth),1558
level-3,1557
smi,1556
utilizzo-del-territorio,1555
government,1555
Marine,1555
Settlement,1555
station_name,1554
Flächennutzung,1553
commerce,1547
mapped,1547
Orography,1547
Texas,1546
geoportal,1545
Earth Science > Biosphere > Aquatic Ecosystems > Marine Habitat,1545
surface underway,1544
nordrhein-westfalen,1543
Idaho,1543
national-park-service,1541
Communication route,1540
District of Columbia,1539
T-sheet,1539
sublokalny,1539
Quảng Nam,1539
відкриті набори даних,1537
usage des sols,1537
wms,1536
prescription,1536
EARTH SCIENCE > Biosphere > Zoology > Corals > Reef Monitoring and Assessment,1536
straßennamen,1535
honolulu,1535
Tp-sheet,1534
Ortho-imagerie,1534
inland-waters,1533
Earth Science > Climate Indicators > Paleoclimate Indicators > Paleoclimate Reconstructions,1533
nutrients,1530
Hydraulic work,1526
nigeria,1524
concentration_of_colored_dissolved_organic_matter_in_sea_water_expressed_as_equivalent_mass_fraction,1523
florida keys,1523
Ortsangaben,1523
economia,1522
SA,1522
surface-water-non-marine,1521
classification,1521
relief shading,1520
SMAP,1519
Volcanic Ash,1519
Volcanic Eruption Forecasting,1519
income,1518
aquatic habitat,1517
parking,1517
EARTH SCIENCE > OCEANS > OCEAN CHEMISTRY > PH,1517
Aircraft > AIRCRAFT,1516
ponderosa pine,1515
moles_of_oxygen_per_unit_mass_in_sea_water,1514
datakependudukan,1513
demographic,1513
service,1511
Stadt Bietigheim-Bissingen,1508
kabupaten pekalongan,1507
Federführend Fachamt Management des öffentlichen Raums,1507
Bathymetry and Elevation,1507
coastal base map,1506
coastal zone map,1506
Numeric Data Sets > Oceanography,1505
Tuna atlas,1504
Coastal Zone Map,1504
Coast and Geodetic Survey,1504
coast and geodetic survey,1503
lake-county-illinois,1502
Coastal Base Map,1502
sea_surface_height_above_sea_level quality_flag,1500
England,1499
spectral-engineering,1497
birds,1497
atmospheric winds,1497
AU-NSW,1497
radiation_wavelength,1496
Hydrographie,1496
Montana,1494
RMT,1493
Вінниця,1491
western yellow pine,1490
Binnengewässer,1490
Raumordnung,1489
"DOC/NOAA/NOS/OCM > Office of Coastal Management, N",1487
pelagic,1487
Seismic,1487
recreation,1485
Hydrogeology,1485
Grenzen,1485
digital-elevation-models,1483
New Mexico,1482
zonal,1480
NERACOOS,1480
Earth Science > Biological Classification > Animals/Vertebrates > Fish,1479
rembang,1477
rivers,1476
data kabupaten tabalong,1475
satu data kabupaten tabalong,1475
statistik kabupaten tabalong,1475
Bình Thuận,1474
Earth Science | Oceans | Ocean Temperature | Water Temperature,1473
state-of-california,1472
Earth Science > Oceans > Marine Environment Monitoring,1470
1-percent-annual-chance flood,1469
Société,1468
hamburg,1467
Northeast Atlantic Ocean (40W),1466
NOAA,1465
image-mosaics,1464
atmospheric pressure,1463
earth science > paleoclimate > fire history|tree ring,1463
sea_surface_height_amplitude_due_to_geocentric_ocean_tide quality_flag,1461
downwelling_photosynthetic_photon_spherical_irradiance_in_sea_water,1459
real,1459
climatologymeteorologyatmosphere,1458
Alabama,1458
UK,1457
Earth Science > Oceans > Aquatic Sciences > Fisheries,1457
Congressional District Code,1457
 legislation,1456
Wald,1456
nebraska,1455
exoplanet astronomy,1454
Climate,1452
SST,1451
near,1451
EARTH SCIENCE > OCEANS > OCEAN CIRCULATION > OCEAN CURRENTS,1451
"DOC/NOAA/NOS/ORR > Office of Response and Restoration, National Ocean Service, NOAA, U.S. Department of Commerce",1449
Quảng Ninh,1449
surface_snow_thickness,1448
Topographic cartography,1448
industry,1447
sea-floor characteristics,1445
sea_water_temperature quality_flag,1444
environnement,1444
ohio,1441
world,1439
distribution,1438
st-petersburg-coastal-and-marine-science-center,1437
Earth Science > Climate Indicators > Paleoclimate Indicators > Ocean/Lake Records,1437
water-depth,1435
fires,1435
biological,1433
Occupation des terres,1433
time-series,1432
Huyện Vĩnh Thạnh,1431
Tỉnh Bắc Giang,1430
Lura,1428
EARTH SCIENCE > OCEANS > OCEAN CHEMISTRY > NITRITE,1426
MBT > Mechanical Bathythermographs,1425
socioeconomics,1422
deep,1421
Long An,1421
Farming,1420
Statistics,1419
flooding,1417
advanced,1417
bathythermograph - MBT,1417
center,1416
DATA ANALYSIS AND VISUALIZATION > GEOGRAPHIC INFORMATION SYSTEMS > WEB-BASED GEOGRAPHIC INFORMATION SYSTEMS,1416
DATA MANAGEMENT/DATA HANDLING > DATA SEARCH AND RETRIEVAL,1416
DATA ANALYSIS AND VISUALIZATION > VISUALIZATION/IMAGE PROCESSING,1416
Apen,1414
physical properties,1413
channel,1413
NSW,1412
100K unpublished,1412
oceanographic,1410
Earth Science > Oceans > Ocean Winds > Surface Winds,1410
Sedimentary rock,1410
Oceanographic data,1409
CTDPRS,1406
Earth Science > Biosphere > Aquatic Ecosystems,1406
Recorders/Loggers > Passive Acoustic Recorder,1405
magnetotellurics,1404
Stadt Kirchheim unter Teck,1404
Kataster,1403
The Unified Access Framework: A GEO-IDE project to,1402
UAF_Metadata,1402
Unified Access Framework (UAF),1402
statistica,1402
South Carolina,1402
Earth Science > Atmosphere > Atmospheric Winds > Surface Winds,1401
 Closed,1400
jupiter,1400
drinking water,1400
Clastic sedimentary rock,1400
iowa,1399
Kreisdaten,1399
"DOD/USNAVY > U.S. Navy, U.S. Department of Defense",1399
aerosols,1398
viirs,1398
acoustic scattering,1395
planningCadastre,1395
Oceanographic measurement,1395
Oceanographic equipment,1395
"Federführend Dezernat Soziales, Jugend und Gesundheit",1391
national-geospatial-data-asset,1389
baugewerbe,1389
gdiby,1389
community,1388
marine ecosystem,1387
sea_water_velocity_to_direction,1385
Mississippi,1385
Cà Mau,1385
Basis-DLM,1384
Earth Science > Biological Classification > Animals/Vertebrates > Mammals > Cetaceans,1384
sea_water_electrical_conductivity 2,1384
fluorescence_seapoint,1384
dissolved_oxygen_raw_volts,1384
number of scans per bin,1384
voltage 0,1384
voltage 2,1384
voltage 3,1384
voltage 4,1384
voltage 5,1384
voltage 7,1384
Landschaft,1383
thermosalinographs,1383
upwelling,1381
Xã Tân Thành,1381
Tỉnh Quảng Ngãi,1380
Höhenangaben,1379
Turbidity of the water body,1378
Earth Science > Oceans > Ocean Acoustics > Ambient Noise,1378
Earth Science Oceans > Aquatic Sciences > Fisheries,1377
Physical oceanography,1376
air temperature reconstruction,1375
Fixed Observation Stations,1375
Earth Science > Biological Classification > Animals/Invertebrates,1375
Air Temperature Reconstruction,1375
Thanh Hóa,1375
north carolina,1373
shapefile,1373
concentration_of_dissolved_oxygen_in_sea_water,1373
SanctSound > NOAA-Navy Sanctuary Soundscapes Monitoring Project,1372
coal,1371
Géoportail,1371
QLD,1369
sea water density,1367
ocean waves,1366
Coastal resources,1363
elezioni,1362
geothermal,1361
cascade,1359
atmospheric chemistry,1359
Utility and governmental services,1358
Georgia,1358
air quality,1357
GDIMRH,1356
sea_water_electric conductivity,1356
services,1355
Acoustic Sounders > Hydrophones,1355
array,1354
EARTH SCIENCE > OCEANS > SALINITY/DENSITY > DENSITY,1354
SImon,1354
Maryland,1353
berichtsjahr,1352
Harga Komoditi,1347
interdisciplinary astronomy,1346
Continent > North America > United States Of Ameri,1346
dry tortugas,1344
Geophysics,1342
cartographie,1340
IRD,1339
pollution,1339
Ecosystem Impacts of Oil and Gas Inputs to the Gulf (ECOGIG),1337
schools,1336
FIGIS,1334
mooring,1334
Scripps Institution of Oceanography Instrument Development Group,1334
Freizeit,1334
Forst,1334
comprehensive,1333
large,1331
Stadt Vaihingen an der Enz,1331
Tỉnh Kon Tum,1330
NOAA National Weather Service (NWS),1327
pacific-ocean,1326
comune-pisa,1326
near real time,1326
"Atmósfera, meteorología, climatología",1326
borehole,1325
array-data,1325
Tỉnh Nghệ An,1325
Marine Ecosystem,1323
woods-hole-science-center,1322
Tỉnh Vĩnh Phúc,1321
atmospheric-water-vapor,1319
NT,1319
air_temperature quality_flag,1318
earth science > paleoclimate > speleothems,1317
Forested Wetland,1317
complete-enumeration-survey,1315
releve-exhaustif,1315
rilevazione-totale,1315
vollerhebung,1315
south-carolina,1314
o2,1314
sidescan-sonar,1311
moderate,1311
spectroradiometer,1311
oklahoma,1309
shelf,1309
Emergent Wetland,1309
Luftbild,1308
NITRIT,1307
Topography,1307
Fluorescence of the water body,1307
floodplain mapping,1306
kansas,1306
Rivers,1306
DREAL Auvergne-Rhône-Alpes,1306
alteration of wetland habitats,1305
Scrub-Shrub Wetland,1305
tỉnh Phú Thọ,1305
country,1304
transect,1303
geographic-information-systems,1302
Carbon capture and storage,1302
northeastern,1302
nazionale,1301
Hydrology,1301
AU-SA,1301
Tỉnh Kiên Giang,1301
geologic-map,1300
Wardenburg,1300
water level predictions,1299
GEOLOGY,1299
harmonic constituents,1296
rain fall,1296
pmINSPIREHarvestLKOL,1296
Landkreis Oldenburg,1296
federal,1295
ames,1295
north pacific ocean,1292
EARTH SCIENCE > OCEANS > OCEAN CHEMISTRY > ALKALINITY,1292
eastern,1290
Wahlergebnisse,1289
streams,1288
dashlink,1288
south-dakota,1287
314-15-oberfinanzpräsident--devisenstelle-und-vermögensverwertungsstelle,1287
atmospheric radiation,1287
Metadata GDI-Vl-conform,1287
Penduduk,1286
year,1285
organisation,1285
Localisation,1285
Climate change,1282
Seismic data,1282
development plan,1282
water column mapping system,1280
wcms,1280
Mannheim,1280
Tỉnh Bình Định,1280
wind speed,1279
pacific reef assessment and monitoring program (pacific ramp): biennial monitoring for the u.s. paci,1278
assessment,1278
GOVE,1278
Questioni_Sociali,1277
infoManagementService,1275
Earth Science > Oceans > Ocean Acoustics > Acoustic Scattering,1275
asia,1274
wohnen,1274
security,1273
genus,1273
213-12,1272
potentialTemperature,1272
field-monitoring-stations,1270
Earth Science > Biosphere > Ecosystems > Marine Ecosystems > Pelagic,1269
Earth Science > Biosphere > Ecosystems > Marine Ecosystems > Benthic,1269
Earth Science > Biosphere > Ecosystems > Marine Ecosystems,1267
Earth Science > Biosphere > Ecosystems > Aquatic Ecosystems,1267
Cattle Data,1266
EARTH SCIENCE > Oceans > Ocean Temperature > Water Temperature,1265
pmINSPIREharvestLangenhagen,1264
EARTH SCIENCE > ATMOSPHERE > ATMOSPHERIC TEMPERATURE,1263
census data,1262
wind_speed quality_flag,1262
Italy,1262
sea-floor-acoustic-reflectivity,1261
pdf,1261
North Dakota,1260
In Situ/Laboratory Instruments > Profilers/Sounders > Acoustic Sounders > WCMS > Water Column Mapping System,1259
bsh,1258
wind_from_direction quality_flag,1258
utilizzo_del_territorio,1257
coral diseases,1257
314-15 Oberfinanzpräsident  Devisenstelle und Vermögensverwertungsstelle ,1256
wfs,1256
SSS,1256
Habitat,1256
Schweich,1256
Bebauungsplaene,1255
Flaechennutzungsplan,1253
Bauleitplaene,1252
jumlah penduduk,1251
PAYS-DE-LA-LOIRE,1251
Điểm tọa độ Hạng II,1251
order,1250
meters,1249
biogeography,1248
buoy,1248
aeromagnetic-surveying,1246
Thừa Thiên Huế,1246
Bodenrichtwerte,1245
Animal Biometrics,1244
Computer Vision,1242
Pattern Recognition,1242
ATKIS,1241
Bình Định,1241
geographic information,1240
Renseignement/Secteur militaire,1240
magnetotelluric-surveying,1239
Flaechennutzungsplaene,1239
mapping service,1238
vicmap,1238
spring,1238
dynamic,1238
Hà Giang,1238
Straße,1237
Marine Environmental Data and Information Network,1237
Pacific Reef Assessment and Monitoring Program (Pacific RAMP): Biennial monitoring for the U.S. Pacific Islands and Atolls,1237
2006 tiger second edition,1234
tiger data,1234
Pianificazione del territorio e catasto,1234
partnership,1233
indiana,1232
South Australia,1232
religion,1231
forest,1231
Fish,1231
SAO1A,1231
EARTH SCIENCE > OCEANS > OCEAN CHEMISTRY,1230
philippines,1227
oil,1227
Fundação,1226
Hồ Chí Minh,1226
Louisville,1225
Wisconsin,1224
bundesamt-für-seeschifffahrt-und-hydrographie,1223
computer vision,1223
boreholes,1223
Phú Yên,1223
Salud,1222
Baustufenplan,1222
discrete measurement,1221
program,1220
nm,1219
gis-data,1219
digital-geologic-map,1219
Stadt Schwäbisch Hall,1217
infrared wavelengths,1216
GRIB Field,1216
mortality,1215
speed of sound,1215
atmospheric-chemistry,1213
climatology,1213
Südeifel,1213
photosynthetically active radiation (par),1213
bellows,1212
cdrom fluorescence,1212
egmex,1212
oxygenDissolved,1212
oxygenMassConcentration,1212
oxygenMoleConcentration,1212
sbe 43 saturation,1212
sigmaTheta1,1212
sigmaTheta2,1212
Center for Integrated Modeling and Analysis of Gulf of Mexico Ecosystems (C-IMAGE),1212
mole_concentration_of_dissolved_oxygen_in_sea_water,1212
"oxygen, sbe 43 saturation",1212
estuary,1211
kingdom,1210
phylum,1209
Lạng Sơn,1209
c-man,1207
LOR,1207
thüringen,1206
significant,1205
servitude,1205
Tỉnh Thanh Hóa,1205
grd,1204
prairie-pothole-region,1203
Turbidity,1203
Missouri,1203
geologic-resources-division,1202
marine biology,1202
digital-data,1201
Luftbilder,1201
OCEAN > ATLANTIC OCEAN > NORTH ATLANTIC OCEAN > GULF OF MEXICO,1201
modeling,1199
territorio,1198
Global Area (area not definable),1198
printed-maps,1197
Remotely Sensed Imagery/Photography,1196
Bewirtschaftungsgebiete/Schutzgebiete/geregelte Gebiete und Berichterstattungseinheiten,1196
basemap,1195
northern-great-plains,1192
scale,1192
Bering Sea,1192
geologic-gis-map,1189
digital-geologic-gis-map,1187
geologic-resources-inventory,1187
gri,1187
bottom,1187
interstellar medium,1186
polar-orbiting,1185
NITRITE,1185
in situ physical,1184
BATHYMETRY,1184
inondations,1184
salud,1183
Grundwasser,1183
Monitoring Soziale Stadtentwicklung,1183
data kependudukan,1181
Stadt Mannheim,1181
new-jersey,1180
washington dc,1180
what: temperature,1179
demografia,1179
INSPIRE PLU,1176
WCS,1175
daily,1175
bleaching,1174
seagrass,1174
Seismic reflection,1174
wet labs cdom,1172
"fluorescence, wet labs cdom",1172
Ilmakehän tila,1171
surface winds,1169
Surveys,1169
AdV,1169
field monitoring stations,1169
Xã Quảng Phú,1169
what: delta 18o,1168
Boundary,1168
Thermosalinographs,1168
cameras,1167
CO2 ANALYZERS,1167
nitrogen,1166
EARTH SCIENCE > OCEANS > OCEAN CHEMISTRY > CHLOROPHYLL,1166
Alsace,1166
benthic habitat,1164
Tỉnh Đắk Nông,1164
Tỉnh Đồng Tháp,1163
avoindata.fi,1160
Umweltüberwachung,1158
NORTH PACIFIC OCEAN,1158
MADS,1158
_flis,1157
KEPENDUDUKAN,1157
Linear,1157
Economy and Business,1155
Mining,1155
culture,1155
coastal mapping program,1153
national shoreline,1153
shoreline mapping program,1152
geographic cell,1151
NI,1151
Biodiversity,1151
DOI,1151
Natural Environment Research Council Designated Data Centres,1150
RNDT,1150
new jersey,1149
wetland restoration,1149
statement,1148
aeromagnetic surveying,1148
Celle,1147
Bassum,1145
animal biometrics,1144
great apes,1144
northern mariana islands,1144
visible wavelengths,1144
altimetry,1144
fluorescenceCDOM,1144
fluorescenceECO,1144
quaternary,1143
Laos,1143
Vektordaten,1143
ENVI,1143
IT/OGS,1143
BTLNBR,1141
baumaßnahmen,1140
drought,1140
report,1140
pacific,1140
maximum,1139
DOC/NOAA/NOS/ORR > Office of Response and Restorat,1138
exploitation,1138
Información geocientífica,1137
pmInspireHarvestSTCE,1137
verkehrszählung,1135
canal,1135
Laws and regulations,1134
OCEAN > PACIFIC OCEAN > SOUTH PACIFIC OCEAN,1133
northern,1133
obpg,1132
Shoreline Mapping Program,1132
dissolved_oxygen_concentration,1132
Ocean Chemistry,1131
An Giang,1131
ecosystem services,1130
bautätigkeit,1129
risque naturel,1129
Radial velocity,1128
Pacific Coastal and Marine Science Center,1128
Quảng Bình,1128
baugenehmigungen,1127
CASTNO,1127
expedition,1127
THETA,1126
Gesundheit,1126
Tỉnh Lai Châu,1126
Gewässernetz,1125
Energy,1124
Điểm độ cao Hạng I,1124
migration,1123
geologic-resource-evaluation,1121
geologic-units,1120
stutsman-county,1120
piano_strutturale,1120
lkw,1120
anzahl-der-genehmigten-wohnungen-insgesamt---neubau-und-baumaßnahmen,1120
anzahl-der-genehmigten-wohnungen-insgesamt-neubau,1120
Michigan,1120
multibeam-sonar,1119
european,1119
EARTH SCIENCE > OCEANS > OCEAN TEMPERATURE > SEA SURFACE TEMPERATURE,1119
what: surface temperature,1118
pkw,1118
chemnitz-stadt,1117
dresden-stadt,1115
leipzig-stadt,1115
Puerto Rico,1115
Coastal Mapping Program,1114
office of response and restoration,1112
LImon,1112
EARTH SCIENCE > Biosphere > Zoology > Corals > Reef Monitoring and Assessment > In Situ Physical,1112
Coastal and Marine Hazards and Resources Program,1112
doc/noaa/nos/orr,1111
percent,1111
scientificnameid,1110
cottonwood-lake-study-area,1106
Hamburgisches Transparenzgesetz  HmbTG ,1106
metop,1106
French Guiana,1106
gemeinden,1105
basis-dlm,1104
Remote Automatic Weather Stations (RAWS),1104
MT,1104
resource-management,1103
dtk10,1103
ocean exploration,1103
chase-lake-wetland-management-districtgtstutsman-county-waterfowl-production-areagteddy,1102
Unitless,1102
One Health EJP Glossary,1101
puerto rico,1101
satellites,1101
whsc,1100
chase-lake-wetland-management-districtgtstutsman-county-waterfowl-production-areagtshuler,1100
eau,1100
coastal zone management,1099
Oceanographic,1099
National Shoreline,1098
institution,1097
Đồng Tháp,1097
co2,1096
ascat,1096
Tuyên Quang,1096
municipio,1095
Geographic Cell,1095
Kependudukan,1094
GIS Dataset,1094
EARTH SCIENCE > Biosphere > Zoology > Corals > Coral Diseases > Bleaching,1092
dtk10far,1091
dtk10gra,1091
CMHRP,1091
sampling,1090
ctdtmp,1088
indicator,1087
scatterometer,1087
Hochwasser,1087
image collections,1087
terrain,1086
Kesehatan,1085
buildings,1085
carbon dioxide,1085
eumetsat,1085
Name,1085
Th,1085
paleoceanography,1084
planningcadastre,1084
cover,1084
traffic,1084
stratigraphy,1083
EARTH SCIENCE > OCEANS > OCEAN ACOUSTICS > ACOUSTIC VELOCITY,1082
Weyhe,1081
source-map-information-table,1079
Bắc Giang,1079
sea level pressure,1078
SOUND VELOCITY,1078
geologic-unit-descriptions,1077
map-table,1077
source-geologic-maps,1077
source-maps,1077
unit-table,1077
suomi,1077
Connecticut,1077
conflict-violence,1076
eastern pacific ocean,1076
GPS,1076
beam_transmission_in_sea_water_,1076
Anfragen,1074
pond,1074
platform_name,1074
Tỉnh Hưng Yên,1073
wind_speed_of_gust quality_flag,1072
"oxygen raw, sbe 43",1072
gps-measurement,1071
infraestructura,1071
american samoa,1071
EARTH SCIENCE > ATMOSPHERE > ATMOSPHERIC TEMPERATURE > SURFACE TEMPERATURE > AIR TEMPERATURE,1071
fire,1070
CTDOXY,1070
Sols,1070
Earth Science > Oceans > Sea Surface Topography > Sea Surface Height,1068
Topographie,1067
Railways,1067
ndbc,1065
regulatory,1065
South Pacific Ocean,1065
European,1065
Tỉnh Bắc Ninh,1065
urbanistica,1064
Amphibolite,1064
beam_attenuation_in_sea_water,1064
discrete sample,1063
Wittlich-Land,1062
Forstwirtschaft,1061
ground,1060
saturn,1060
Cao Bằng,1060
LAKES,1059
sport,1058
disturbance,1057
esi,1056
Water Depth,1056
geologic-unit-information-table,1055
moored buoy,1055
orthophotography,1055
parks,1055
Ambiente,1055
owner,1055
Planungsräume,1055
geospatial data,1055
štatistika,1054
underwater,1054
Physical Oceanography,1053
minimum,1053
scientific research,1052
habitatid,1050
sitecode,1050
siteid,1050
subregionid,1050
difference,1050
Huyện Tây Sơn,1050
high energy astrophysics,1049
usgs national water information system (nwis),1049
Índice de Precipitación Antecedente,1049
API Diario,1049
coastal Louisiana,1049
vogtlandkreis,1048
production,1048
Climate Change,1047
BORIS,1047
atmospheric-radiation,1046
voyager,1045
coral reef ecosystem division (cred),1044
Öffentliche Verwaltung,1044
viirsn,1044
Stadt Biberach an der Riß,1043
dart,1042
surface-water,1042
landscape,1042
earth science > paleoclimate > instrumental,1042
noaa pacific islands fisheries science center,1041
property,1041
Planning cadastre,1041
Número de Curva (CN),1041
CN Dinámico,1041
earth science > paleoclimate > borehole|climate reconstructions,1041
hydraulics,1040
Unit Settlement,1040
"DOC/NOAA/NOS/OCM > Office of Coastal Management, National Ocean Service, NOAA, U.S. Department of Commerce",1040
Installations de suivi environnemental,1039
earth science > paleoclimate > insect|paleolimnology,1039
atmospheric-temperature,1038
mining,1038
Redshifted,1037
coastal resources,1037
sensitivity maps,1037
Wasser,1037
Huyện Sơn Hòa,1037
CNMI,1036
"Coral Reef Ecosystem Division (CRED), NOAA Pacific Islands Fisheries Science Center",1036
Huyện Sông Hinh,1036
Huyện Khánh Vĩnh,1036
World,1035
PUBLIC,1035
Substrate,1035
Tây Nguyên,1034
Huyện Nam Trà My,1034
2023,1032
Đắk Lắk,1032
advmis,1031
Carbon Dioxide Information Analysis Center,1031
national data buoy center,1030
Sport,1030
geology-help-map-document,1029
набори відкритих даних,1029
province,1029
dtk10-v,1028
dtk10v,1028
dtk10vfar,1028
eventID,1028
Feature,1027
"DOE/ORNL/ESD/CDIAC > Carbon Dioxide Information Analysis Center, Environmental Sciences Division, Oak Ridge National Laboratory, U. S. Department of Energy",1027
mineral-resources,1025
rhein-kreis-neuss,1025
neracoos,1025
orthoimagerie,1025
PCMSC,1025
oil spill planning,1024
air_pressure_at_mean_sea_level,1024
commission,1024
Discrete measurement,1024
Huyện Vân Canh,1024
Yên Bái,1023
Wide band photometry,1022
locality,1022
borehole|climate reconstructions,1021
northwestern hawaiian islands,1021
Biosphere,1021
Delaware,1021
Magnetic,1020
oxygen isotopes,1020
DTK10V,1020
DTK10VFAR,1020
DTK10-V,1020
Tỉnh Bến Tre,1020
SEDIMENTS,1019
première guerre mondiale,1019
region 05,1018
funding,1018
Ocean Optics,1018
digital,1018
Earth Science > Climate Indicators > Paleoclimate Indicators > Land Records > Boreholes,1018
Earth Science > Climate Indicators > Paleoclimate Indicators > Ocean/Lake Records > Boreholes,1018
Earth Science > Paleoclimate > Land Records > Boreholes,1018
Earth Science > Paleoclimate > Ocean/Lake Records > Boreholes,1018
earth science > paleoclimate > boreholes > physical properties,1017
Huyện Ba Tơ,1017
observations,1016
1914 - 1918,1016
grande guerre,1016
lignes de front,1016
tranchées,1016
material: rock,1015
73L,1015
explorer,1015
south carolina,1014
bus,1014
undersea,1014
Tỉnh Long An,1013
Coastal Processes,1012
Données ouvertes,1012
seeps,1012
sidescan sonar,1012
Đồng bằng sông Cửu Long,1012
coronavirus,1011
Permanent face ID,1011
paleocean,1010
laboratory,1010
aeromagnetic data,1010
Tỉnh Bình Phước,1010
cultuurhistorie,1009
DTK10,1009
Gouvernement,1008
Lebensräume und Biotope,1008
Sites protégés,1008
EARTH SCIENCE > Oceans > Ocean Circulation > Upwelling,1008
Tỉnh Ninh Thuận,1007
Xã Tân Lập,1006
public-facilities,1005
hochsauerlandkreis,1005
Mediterranean Sea,1005
enviroatlas,1003
83G,1003
Tourismus,1003
ocean exploration and research,1003
ornl,1002
arm,1002
marine education,1002
ocean discovery,1002
ocean education,1002
ocean literacy,1002
ocean research,1002
Feature Names,1002
Prefix direction code,1002
Prefix type code description,1002
Prefix Qualifier code,1002
Suffix direction code,1002
Suffix type code,1002
Suffix Qualifier code,1002
adc,1001
space,1001
MAFTIGER feature class code,1001
PrimaryAlternate code,1001
arm-data-center,1000
atmospheric-data,1000
communities,1000
Christchurch,1000
bodem,1000
Gia Lai,1000
scan_number,1000
