geospatial,64128
Biodiversity,10903
Land,10394
Earth Science,10294
Coastal and Marine,5517
Built Environment,4175
Culture and Heritage,3569
Education,2337
Atmosphere and Climate,1922
Health,1621
Transportation,1169
Inland Waters,1114
Trasparenza,971
City Government,905
Government,782
Public Safety,773
Energy & Environment,766
NNDSS,592
Environment,490
Space Science,442
Aqua,436
Statistica,413
Territorio,410
Health and Human Services,381
Management/Operations,379
Ambiente,378
NCHS,378
Finance,369
Terra,358
Surveys,331
Recreation,322
Government and Taxes,321
BOREAS,303
Social Services,296
Mobilità e trasporti,295
Accountable Government Act,285
Government & Finance,282
Energy and Environment,272
Uncategorized,264
LBA-ECO,264
Bendung,255
Περιβάλλον,238
Vehicle Speed,238
Census,232
Aura,229
Demographics,228
Aerospace,225
Curah Hujan,216
Sanità,211
ABoVE,209
GPM,208
"CA""",208
GIS/Maps,205
Housing & Development,205
Waduk,200
Οικονομία και Χρηματοοικονομικά Θέματα,196
Administration & Finance,190
Πληθυσμός,187
Κοινωνία και Απασχόληση,187
AQUARIUS SAC-D,185
Business,179
Economic Development,178
MEaSUREs,178
Finance & Administration,177
Natural Resources & Environment,176
Council Services,163
Health & Human Services,162
Family & Health,159
CERES,151
NPP-JPSS,151
Administrative,150
Community & Economic Development,149
City Management and Ethics,146
CMS,145
MERRA TIME-MEAN OBSERVATION DATA,144
Services,144
Transport,143
Society,139
Community,138
Local Government,136
State,131
FIRE,131
Economy,130
Κυβέρνηση και Δημόσιος Τομέας,127
Imagery,127
Επαρχίες,126
Δήμοι και Ζώνες,126
TES,126
Voting & Elections,125
City Infrastructure & Service Requests,122
Medicare,121
"TX""",117
FIFE,115
Vegetation,112
IGS,111
SAFARI 2000,110
Equity Indicators,108
Geographic Locations and Boundaries,108
Business and Economy,107
Human Services,106
Klimatologi,105
MERRA-2,104
CWIC,103
GHRSST,102
Υγεία,101
education,101
Housing and Buildings,99
People & Places,99
Debit Sungai,98
County,98
Boundaries,97
"Canada""",96
Agriculture,95
Business & Economy,95
City Administration,94
Γεωργία,92
Αλιεία,92
Δασοκομία και Τρόφιμα,92
MASTER,92
GIS,91
Transportation/Transit,90
Vaccinations,90
ECCO,90
Natural Resources,89
WOB,89
Motor Vehicle,88
"Australia""",88
Μεταφορές,86
Sociedade,85
Geography,84
Wuppertal,83
NPP,83
Famiglia,83
Nuclear Legacy,82
Δικαιοσύνη,82
Νομικό Σύστημα και Δημόσια Ασφάλεια,82
opendata,80
NACP,80
Revenue & Expense,80
Data Keuangan,78
500 Cities & Places,78
DISCOVER-AQ,78
Παιδεία,77
Πολιτισμός και Αθλητισμός,77
Regulation,76
CALIPSO,76
"LA""",76
Commercio,76
Cultura,75
Retirement,73
Blog,73
Economía,72
IMPACTS,72
Opioid Related,72
Wireline,72
GDI-W,71
Community Services,71
Environment and Energy,71
Ekonomi,70
Presupuesto Institucional,70
Government Administration,70
TRMM,70
MERRA,70
Biota,69
TROPESS,68
LANCE,67
Molecular biology/Genetics,67
Infrastructure,66
Water,66
Health and Wellness,66
Environment and Food,66
Governance,65
Sentinel-5P,65
"Chile""",65
"CO""",65
Governor's Executive Budget Program Measures,65
State Drug Utilization,64
NARSTO,60
Planning &amp; Zoning,59
"Lands, Forests and Wildlife",58
Politics,57
Economia,57
Property & Taxation,57
Economic Prosperity and Affordability,57
Transportation and Infrastructure,56
Housing,56
Public Health Surveillance,56
Geospatial (Maps),56
Pemerintahan,55
Health Statistics,55
Licenses/Permits,55
Externally Sourced Datasets,54
Community Demographics,54
ATom,54
Tributi,54
Other,53
Public Safety &amp; Justice,53
Business and Industry,53
Nimbus,53
National Correct Coding Initiative,52
Datathon 2020,52
Your Council,52
Jobs,52
Archive,52
Neighborhoods,51
Public Works,51
ISLSCP II,51
EOS,51
Courts,50
Environmental Health & Toxicology,50
Elections,50
"Justice, Safety and Emergency",50
Workforce,50
SUOMI-NPP,50
Enrollment,49
COVID-19,49
Government and Transparency,49
"Japan""",49
City Infrastructure,49
Salud,48
Housing and Development,48
Culture and Recreation,48
Mobility,48
OCO-2,48
Population and Demographics,48
Financial,47
EOSDIS,47
Delta-X,46
"NC""",46
Kesehatan,45
Planning,45
Heart Disease & Stroke Prevention,45
Permit and Licensing,45
Kependudukan,44
FOIA,44
Community/Recreation,44
MISR,44
GCPEx,44
"Argentina""",44
"AK""",44
Fishing and Aquaculture,44
Parks & Recreation,43
Labor,43
CAMEX-4,43
"Alaska""",43
Public Safety and Preparedness,43
Infrastruktur,42
Drug Pricing and Payment,42
Housing &amp; Properties,42
Legislation,42
Sanitation,42
Police,42
Information Technology (includes maps & geospatial data) ,42
IPHEx,42
Public Services,42
Environment & Sustainable Development,41
Environmental Services,41
Transparency,41
Demographic,41
Turismo,40
Movilidad,40
Human &amp; Social Services,40
business,40
Health & Wellness,40
Suomi-NPP,40
"Panama""",40
"Ecuador""",40
Sosial,39
Terrestrial,39
Território,39
Real Estate &amp; Land Records,39
Economic Statistics,39
Covid 19,39
Hydrology,39
General Government,38
Facilities & Geographic Boundaries,38
SPURS,38
DISCOVER,38
SNF,37
"WA""",37
Cities,36
Government Excellence,36
Environment & Waste Management,36
Housing and Real Estate,36
OLYMPEX,36
"FL""",36
"Colombia""",36
NYC BigApps,35
Finance/Tax/Property,35
ERBE,35
Agricoltura,35
Recreation and Culture,34
Policy Surveillance,34
Engaged and Connected Community,34
MC3E,34
Education - Primary to Grade 12,34
Parkeren,34
Dept of Workforce Services,34
Health and Safety,33
Sentinel-6,33
ESIP,33
Istruzione,33
Energy,32
Emissions,32
Safe Community ,32
CAR,32
TOMS,32
"Costa Rica""",32
Services Near You,32
Επιστήμη και Τεχνολογία,31
Community Development,31
Local Aggregation,31
Government and Finance,31
Correctional System,31
IFloodS,31
"Housing, Land Use, and Blight",31
"Roads, Driving and Transport",31
Permits and Licensing,31
Geographic Information,31
Estudios y Estudiantes,30
Survey Data,30
Parking,30
GRACE,30
ATDD,30
2013_GR_NASA,30
NLDAS,30
CYGNSS,30
Government and Economy,30
Culture and Community,30
Sicurezza,30
Ενέργεια,29
Utilities,29
Outdoor Recreation,29
NDH,29
GLDAS,29
JPSS,29
"OR""",29
"Mexico""",29
Election &amp; Politics,28
Energy and the Environment,28
Geographic Information (GIS),28
Tax and Revenue,28
Transit,28
Health and Environment,28
Location,28
Transportation Operations,28
Vocational Rehabilitation,28
Arts & Culture,28
FIREX-AQ,28
TOVS Pathfinder,28
SRB,28
"Chile/Argentina""",28
"Arts, Culture and History",28
Innovation Report,28
Terminology,28
Spatial Data,27
Healthcare,27
Ethics,27
Human Resources,27
People and Society,27
Primary & Secondary Ed,27
Safe City,27
CATS-ISS,27
CARVE,27
MOPITT,27
2012_GR_NASA,27
LIS,27
"HI""",27
See Category Tile,27
statistica,27
and Metros,26
Inspectional Services,26
GRACE-FO,26
2011_GR_NASA,26
Employment and Labour,26
Reference,26
Hospital,26
Nadzór Epidemiologiczny,25
Pendidikan,25
Plasma Chemical Processes,25
Audits and Reports,25
Budget,25
Soil,25
2013_AN_NASA,25
UARS,25
"""Trout Lake",25
"""San Joaquin Valley",25
Nature and Environment,25
City Planning,24
Business &amp; Economy,24
Maternal & Child Health,24
Policy,24
Transportation Assets,24
Pandemic Recovery,24
Quality of Life,24
2010_GR_NASA,24
2011_AN_NASA,24
2014_GR_NASA,24
2015_AN_NASA,24
2015_GR_NASA,24
2017_GR_NASA,24
GRIP (HURRICANE),24
CAMEX-3,24
Internal Government Services,24
Municipalities,24
County Government,24
Procurements and Contracts,24
Protezione Civile,24
Energia,24
Utility,24
Statistik,23
Base Maps,23
DODS,23
2010_AN_NASA,23
DSCOVR,23
SAGE III-ISS,23
Economy and Community,23
National Average Drug Acquisition Cost,22
Vision & Eye Health,22
Elected Officials,22
Local Government Finance,22
2009_AN_NASA,22
2012_AN_NASA,22
2014_AN_NASA,22
LPVEX,22
NAMMA,22
"Gabon""",22
Agriculture and Agri-business,22
Government Efficiency & Citizen Engagement,22
Environmental Utilities,22
Electric,22
Crime and Justice,21
Demografía,21
Services and Amenities,21
Climate Hazards,21
ARCTAS,21
"Thailand""",21
Reference Data,21
Environmental,21
Climate,20
Revenue,20
Buildings,20
Geospatial Boundaries,20
Physical Geography,20
State Government Finance,20
OPENDAP,20
IDS,20
2016_AN_NASA,20
AirMOSS,20
KORUS-AQ,20
SEAC4RS,20
"WY""",20
Recreation & Culture,20
Pariwisata,19
Quality,19
Kebencanaan,19
Pemerintahan &amp; Desa,19
Public Health,19
Environment and Natural Resources,19
Transportation & Roads,19
2016_GR_NASA,19
2018_GR_NASA,19
GPW,19
GOES-R PLT,19
S-MODE,19
DC3,19
"""Howland Forest",19
"ME""",19
AIRMSPI,19
Sustainability,19
GIS data,19
Economics,19
Ciudadanos y Estado,18
Kepegawaian,18
Recursos Humanos,18
Business and Financial,18
Behavioral Risk Factors,18
Global Health,18
Mitigation Actions,18
States and Regions,18
K-12,18
Facilities and Structures,18
Schools,18
2017_AN_NASA,18
OCO-3,18
ECOSTRESS,18
NOT APPLICABLE,18
ILRS,18
"""Laurentides Reserve",18
QC,18
"""Yellowstone National Park",18
"""Chilean Volcanoes",18
"""Sabine Refuge",18
"""Barrier Islands",18
"MS""",18
"""Tolima Volcano",18
"""Napo River",18
"Peru/Ecuador""",18
"""Laguna Del Maule Volcano",18
"Chile/Argentin""",18
"""Reventador Volcano",18
"""Antuco Volcano",18
"""Cascade Volcanoes",18
"""Grand Mesa",18
"""Trinity River",18
"""Sabine River",18
"""South Fort Smith",18
"""Coldfoot Legacy Line""",18
"""Teller NGEE""",18
"""Croatan National Forest",18
"""Delta Junction NEON site""",18
"""New Orleans Levee",18
"""Dominican Republic""",18
"""Corcovado National Park",18
"""East Central Coast",18
"""Huila Volcano",18
"""Hokkaido Volcanoes",18
"Peru""",18
Environment & Agriculture,18
Economy and Workforce,18
Immigration and Migration,18
Education and Community,18
government,18
Geoscientific,18
Kommunalstatistik,17
Help and Information,17
County Operations,17
Geospatial Data,17
UAE_2004,17
LISTOS,17
SRTM,17
2009_GR_NASA,17
SORCE,17
VEMAP,17
"MO""",17
Housing & Buildings,17
Transportation Planning & Traffic Management,17
Literature,17
Research,17
Stadtplan,16
Budget &amp; Finance,16
Taxes,16
Budget and Financial Reports,16
Transparency Portal,16
Materials / Surfaces,16
Case Surveillance,16
Tobacco Use,16
Renewable Energy,16
City Manager's Office (Finance),16
Property & Assessments,16
MEaSUREs/OSWV,16
CAMP2Ex,16
TERRA,16
SMAP,16
HyspIRI Airborne,16
AQUA,16
ACT-America,16
WACVM,16
"Papua New Guinea""",16
Drugs and Chemicals,16
Equality,16
Housing and Housing Finance,15
Poverty,15
Vulnerability,15
and the Safety Net,15
Keagamaan,15
Räumliche Mobilität,15
Experimental Psi - Anomalous Knowledge,15
Budget/Finance,15
Opportunities,15
High Performing Government,15
Information Technology,15
Consumer/Housing,15
AIRMISR,15
2011_AN_UTIG,15
Model Archive,15
2012_AN_UTIG,15
HS3,15
Mines and Minerals,15
Health and Social Services,15
Attività Produttive,15
Heritage and Arts,15
Children,14
Gebäude,14
Geodaten,14
Quitline,14
Neighbor Feedback,14
Building and Facilities,14
Infrastructure and Utilities,14
Pesticide,14
Government Employees,14
Health Insurance,14
Basic City Services,14
Regulatory,14
LWP,14
2019_GR_NASA,14
MULTI_NASA,14
TCSP,14
OMG,14
OTTER,14
LMOS,14
SMAPVEX12,14
2010_AN_UTIG,14
GOES,14
Raw Data,14
"""Hayward Fault",14
"ID""",14
"Greenland""",14
"Malaysia""",14
Well-Managed Government,14
Typegoedkeuring,14
Race and Ethnicity,13
Education and Training,13
Technology,13
Business and Economic Activity,13
"Traffic, Parking, and Transportation",13
Service Requests,13
Campaigns & Elections,13
Taxes & Tax Credits,13
Government Operations,13
Facilities and Planning,13
2018_AN_NASA,13
2019_AN_NASA,13
NRMI,13
GEDI,13
NAAMES,13
"OK""",13
G-LiHT,13
Public Opinion Research,13
K-12 Education,13
Nonprofits and Philanthropy,12
Job Market and Labor Force,12
Historia,12
kleinräumige Gliederung,12
inspireidentifiziert,12
Radverkehr,12
Teknologi,12
Economía y Patrimonio,12
Organización y Servicios,12
Funding,12
Laboratory Surveillance,12
Companies,12
Historic Preservation,12
NEESPI NASA,12
SMAPVEX16 Manitoba,12
ACTIVATE,12
OWLETS,12
INTEXB,12
"""Florida Keys",12
Workforce Development,12
Finance and Budget,12
Development Services,12
National,12
Engineering & Technology,12
Health and Health Policy,11
Cultura y educación,11
Sector Público,11
Sociedad y bienestar,11
Verkehrsinfrastruktur,11
Raumbezugsbasis,11
Netzorientierte Raumbezugsdatei,11
NORD,11
Planung,11
Wohngebäude,11
Assessing,11
Fire,11
Regulations,11
Urban Planning & Economy,11
SARP,11
2008_AN_UTIG,11
2009_AN_UTIG,11
ACRP,11
"[
  ""Hayward Fault",11
"""Capitol Forest",11
"""Sierra",11
"""Panhandle",11
"""Isla de Coiba",11
"""Oahu",11
"HI southeast""",11
"""Northwest Coast",11
"""SMAP Drought",11
"""SMAP MOISST Flux Tower Site",11
"""Buenos Aires Province",11
"""Chillan Volcano",11
"""Imbabura Volcano",11
"""Descabezado Grande Volcano",11
"""Tonzi Ranch",11
"""Panama Canal forests",11
"""Cerro Negro Volcano",11
"Colombia/Ecuador""",11
"""Rosario",11
"""San Antonio de Areco",11
"""Longview",11
"""Libreville",11
"""Ogooue River",11
"""Delta Junction",11
"""Yukon Flats",11
"""Old Crow",11
"""Lloydminster East",11
"Saskatoon""",11
"""Innoko Flats""",11
"""TomoSAR offset line 64 meters""",11
"""Fuego Volcano",11
"Guatemala""",11
"""Berms TomoSAR 240m baseline""",11
"""Ridgecrest",11
"""Baseline 5""",11
"""Kings Canyon NP",11
"""Atchafalaya River Delta",11
"""La Amistad International Park",11
"""Grand County",11
"""Lanai/Maui/Molokai/Oahu",11
"""Yosemite National Park",11
"""Barataria Bay",11
"""Sangay Volcano",11
"""PiSAR-L2 Nara Totsukawa-mura",11
"""Cordoba Province",11
"""PiSAR-L2 Kumamoto - Aso",11
"""Yacamane Volcano",11
"""Tutu",11
"Planning, Zoning",11
Employment First,11
Consumer Protection,11
Paesaggio,11
Atmospheric,10
Straßenverkehr,10
Bodennutzung,10
Ortsrecht,10
Zweirad,10
Gebietsgliederung,10
Sport,10
Lärm,10
Oral Health,10
Events,10
Sales & Distribution,10
Post-Secondary Ed,10
Equity & Justice,10
Law Enforcement & Safety,10
CPEX-AW,10
GRUMP,10
AfriSAR,10
SDEI,10
CDDC,10
USCG,10
Community Safety and Well-Being,10
"Parks, Recreation & Libraries",10
Wireless,10
Voertuigen,10
Income and Wealth,9
Families,9
Eligibility,9
Culture,9
Compras Institucionales,9
Obras e Infraestructura,9
Aquatic,9
Verkehr,9
Planungsrecht,9
Banjir,9
Thematic Features,9
Indoor Recreation,9
Aviation,9
Conservation & Restoration,9
Utilities & Telecommunications,9
Environmental Remediation,9
Structure,9
IPCC,9
EPI,9
2013_AN_UTIG,9
CPEX,9
INTEXA,9
"AZ""",9
"Philippines""",9
"South Korea""",9
Parks,9
Financial Services,9
Census & Economic,9
Employment,9
Organizational Support Services,9
"Development Approvals, Building Permits, & Inspections",9
Taxes and Budget,8
Peternakan,8
Software Trace,8
Schule,8
Baugesetzbuch,8
BauGB,8
Radweg,8
Stadtkarte,8
Statistics,8
Purchasing,8
Transportation Planning,8
Health Consequences and Costs,8
Global Survey Data,8
Assisted Reproductive Technology (ART),8
Pregnancy & Vaccination,8
Youth Risk Behaviors,8
"Parks, Recreation & Community Services",8
Telecommunications,8
Labor and Employment,8
Economic Growth,8
Zoning,8
Sport and Recreation,8
Images,8
Transportation Infrastructure,8
SWOT,8
GPMGV,8
ORACLES,8
MetOp,8
Applied Science,8
2014_AN_UTIG,8
2015_AN_UTIG,8
GLAM,8
NOAA - SPACE WEATHER PROGRAM,8
"""Web County",8
"""Wind River",8
"WA/OR""",8
"""Bishop",8
"""Fly River",8
"""Rabbit Ears Site",8
"""Runnels County",8
"""Sabine Pass",8
"""Mt. Lofty",8
"""Nashville",8
"TN""",8
"""Lake Michigan",8
"MN/MI""",8
"""Gyeongsang",8
"""Mauna Kea",8
"""Rosamond Lake",8
"""Sungai Wain",8
"Indonesia""",8
"""Santiam",8
"""St. Francis Mountains",8
SMAPVEX08,8
Public Service,8
Health and Home,8
"Assessment, Taxation, & Corporate",8
Economic Growth and Productivity,7
Demography,7
Organismal,7
Plant Population,7
Erneuerbare Energiequelle,7
Bauleitplanung,7
Satzung,7
Stadtverkehr,7
Statistische Daten,7
Radroute,7
Neighborhood Census Data,7
"Nutrition, Physical Activity, and Obesity",7
Adaptation Actions,7
Public Administration & Finance,7
Indicators,7
Community Centres,7
Dashboard,7
Monitoring and Data Collection,7
Housing / Development,7
Business Finance,7
Environmental Monitoring,7
Law Enforcement,7
JASON-1,7
JPSS1,7
CLASIC07,7
NSCAT,7
IVS,7
MACPEX,7
PMP,7
"[
  ""Cascade Volcanoes",7
"""Guatemala Volcanoes""",7
"""Glaciar San Francisco",7
"""Nazca Lines",7
"""Telluride",7
"""Brazos River",7
"""Neches River",7
"""Houston",7
"""Lumberton",7
"""Faber Lake",7
"""Fort Good Hope""",7
"""Yukon Flats West""",7
"""Yellowknife",7
"""Atqasuk Legacy Line""",7
"""Katmai National Park",7
"""Old Crow Flats""",7
"""Berms TomoSAR reference line""",7
"""Silver City",7
"""Ironton",7
"""Kings Canyon",7
"""San Andreas Fault - Central",7
"""Rosamond",7
"""Glaciar Tapado",7
"""La Selva",7
"""Glaciar Universidad",7
"""Glaciers",7
"""Northern Arizona""",7
"""Maipo Volcano",7
"""Phoenix",7
"Arizona""",7
"""Deadhorse Legacy Line""",7
"""Cape Fear River",7
"""Denali NEON EML",7
"""Neuse River near Jacksonville",7
"""Ivotuk Legacy Line""",7
"""Poorman",7
"""Daring Lake",7
"""Haiti Earthquake""",7
"""El Salvador Volcanoes""",7
"""Transect ALOS Track",7
"""Sacramento-San Joaquin Delta",7
"""Eastern Coast",7
"""Costa Rica Volcanoes""",7
"""Hawaii""",7
"""San Joaquin Valley - SMAP",7
"""Bonanza Creek LTER""",7
"""Congaree River at Lake Marion",7
"SC""",7
"""D",7
"[
  ""St. Charles",7
"""Colorado River",7
"CA/AZ""",7
"""Awaji",7
"""Connolly",7
"""Crater Lake",7
"""Craters of the Moon",7
"""Daly River",7
"""Volcan Hudson",7
"""JKS""",7
"""Katmai Volcano",7
"""Ray Mine",7
"""Reveille Peak",7
"NV""",7
"""Richardson",7
"""Los Angeles",7
"""Macquarie Island",7
"""Rose Island",7
"American Samoa""",7
"""Mary River",7
"""Mayon Volcano",7
"""Santa Barbara",7
"""Tanami Desert",7
"""Montezuma Hills",7
"""Mt. Rainier",7
"""Savaii",7
"Western Samoa""",7
"""Ua Pou",7
"French Polynesia""",7
"""Kluic Labna",7
"""Chanthaburi",7
"""Chunchucmil",7
"""Normanby Is",7
"""Patagonia - south""",7
"""Pasadena",7
"""Augustine volcano",7
"""Costa Rica""",7
"""Cunnamulla",7
"""Oakland",7
"""Denali National Park",7
"""El Paso",7
"""Phetchaburi",7
"""Guanajuato",7
"""North Coast of Hawaii",7
"""Lake Coombabah",7
"""Lake Acraman",7
"""Lampang",7
"""Rio Platano",7
"Nicaragua/Honduras""",7
"""Mayan B.R. Guatemala/Mexico/Belize""",7
"""Corvallis",7
"""Mission Range Mountains",7
"MT""",7
"""Strangways",7
"""Kuala Terengganu",7
"""Sonora State",7
"""Thunder Bay",7
"WI""",7
"""Barro Colorado Island",7
"""Beardstown",7
"IL""",7
"""North Park Site",7
"""Aquateca",7
"Guatamala""",7
"""Arenal Research Area",7
"""Bonanza Creek",7
"""Camp Roberts",7
"""Cordillera Real",7
"Bolivia""",7
"""Denver",7
"""Dietrich Valley",7
"""Duke Forest",7
"""Dungun",7
"""Eastern",7
GNSS,7
POPDYNAMICS,7
TIROS,7
Education - Early Childhood,7
Responsible Government,7
Unique and Inclusive Neighborhoods,7
Land Features,7
Platform Support,7
Nutrition,7
Physical Activity,7
and Obesity,7
Health Care,6
Crime,6
Pertanian,6
Pangan,6
dan Perkebunan,6
Athletics,6
Flächennutzung,6
Bergisches Land,6
Radwanderweg,6
Education Act,6
Parks &amp; Recreation,6
Employees,6
Welding / Switching,6
Payroll,6
Liabilities and Assets,6
"Foodborne, Waterborne, and Related Diseases",6
Smoking & Tobacco Use,6
Alcohol-Related Disease Impact,6
Lobbyist,6
Plants and Animals,6
Surveys & Inventories,6
Community Partnerships and Engagement,6
LASE,6
FLUXNET,6
ACCP,6
LULC,6
EOS LAND VAL,6
TOLNet,6
INTEXB_2006,6
PEND,6
MA,6
OSCAR,6
ARCTAS_2008,6
GOMACCS_2006,6
ISS_RapidScat,6
SAMUM_2006,6
C3VP,6
ACES,6
BIGFOOT,6
ISCCP,6
RICO_2004,6
FIRMS,6
ACEPOL,6
MAPS,6
VBBE_2007,6
GCOM-W,6
CESIC,6
Licenses & Permits,6
Communities and Social Services,6
Education - Post-Secondary and Skills Training,6
Property,6
Post-Secondary Education,6
demographics,6
Contact Centre - 311,6
Water and Waste,6
Medicaid,6
Foodborne,6
Waterborne,6
and Related Diseases,6
Children's Health Insurance Program,6
Maps,6
Koperasi dan UKM,5
Deporte y recreación,5
Food Crops,5
Straße,5
Stadtbezirk,5
Naturschutz,5
Luftreinhaltung,5
Luftreinhalteplan,5
Bebauungsplan,5
Bebauungsplanverfahren,5
B-Plan,5
ALKIS,5
Umwelt,5
Statistik-Datenbank,5
Ausländer,5
Radverkehrsnetz,5
Parkplatz,5
Sozialversicherungspflichtig Beschäftigte,5
Wege,5
Rundgang,5
Wohnungen,5
Geospasial,5
Program &amp; Kinerja,5
Contracts,5
Higher Education,5
Licenses and Certifications,5
Emergency Services,5
Key Metrics,5
Emergency Management,5
Environmental Assessment,5
History,5
Law/Judicial,5
Human Capital Management,5
AQDH,5
SnowEx,5
FERMANV1,5
DCOTSS,5
SIF-ESDR,5
SANDS,5
FLDAS,5
QUIKSCAT,5
2007_GR_NASA,5
CLAMS,5
ARISE,5
Daymet,5
ASCENDS Airborne,5
FLASHFLUX,5
S1 I-grams (BETA) - Central CA,5
"S1 I-grams (BETA) - Kilauea Volcano, HI",5
S1 I-grams (BETA) - Northern CA,5
S1 I-grams (BETA) - Other,5
S1 I-grams (BETA) - Southern CA,5
TRACER-AQ,5
ANTHROMES,5
Hydroclimatology,5
SDP,5
ICE POP,5
NVAP-M,5
TARFOX,5
GEO-MEX,5
IPHEX,5
ATTREX,5
DEVOTE,5
Genealogy,5
"Business, Development & Housing",5
City Finance and Budget,5
Schools that Teach,5
Jobs that Pay,5
City Services,5
health,5
Expenditures,5
Consumer Health,5
Terugroepacties,5
Keuringen,5
Self Determination,5
Perpustakaan,4
Transportasi,4
Social Care,4
Servicios sociales,4
Urbanismo,4
Educación,4
Energía,4
Hardware Trace,4
(Im)Mobilisations of the Workforce,4
Solarenergie,4
Dachfläche,4
Klimaschutz,4
WSW-Klimafond,4
Überschwemmung,4
Hochwasser,4
Straßenschlüssel,4
Umweltschutz,4
Luftgüte,4
Stickstoffdioxid,4
Luftqualitätsrichtlinien,4
Immissionsüberwachung,4
Luftbelastung,4
kommunales Luftmessprogramm,4
NO2,4
Luftqualität,4
Luftqualitätsmessung,4
Luftreinhalteplanung,4
Passivsammler,4
NO2-Messungen,4
Flächennutzungsplan,4
FNP,4
vorbereitender Bauleitplan,4
städtebauliche Entwicklung,4
räumliche Planung,4
Adresse,4
Nichtwohngebäude,4
Liegenschaftskataster,4
Recht,4
Landschaftsschutz,4
Schutzgebiete,4
Planungsgrundlagen,4
Energie,4
Personenverkehr,4
Fahrzeug,4
Dienstleistungen,4
Schulstatistik,4
Ausländerinnen,4
Kulturgut,4
Verkehrsmodell,4
Radwegenetz,4
Bahntrassenradweg,4
Nordbahntrasse,4
Sambatrasse,4
Parkmöglichkeit,4
Wahl,4
Straßenlärm,4
Stadtkarten,4
Arts,4
Culture &amp; History,4
Ridership Statistics,4
Child Vaccinations,4
Flu Vaccinations,4
Web Metrics,4
Building & Development,4
Legislative,4
"Arts, Culture and Events",4
Property and Planning,4
Education/Youth/Family,4
Rail,4
Business Development,4
Child & Adult Welfare,4
School Finance,4
"Licenses, Permits, and Records",4
Sentinel-3A,4
2016_AK_NASA,4
LECZ,4
SNWG/OPERA,4
EPOCH,4
SCOAPE,4
SCAR-B,4
2008_GR_UTIG,4
2009_GR_UTIG,4
2010_GR_UTIG,4
2011_GR_UTIG,4
2012_GR_UTIG,4
2013_GR_UTIG,4
2014_GR_UTIG,4
2015_GR_UTIG,4
2016_AN_UTIG,4
2016_GR_UTIG,4
PROVE,4
TSIS,4
2009_AK_UAF,4
ERBE MEaSUREs,4
GPCP,4
GloSSAC,4
AJAX,4
Sentinel-3B,4
2014_AK_ARISE,4
HANPP,4
WDTS,4
Aeolus,4
ESI,4
CMARE_2004,4
NAGDC,4
OCO,4
Energy Usage,4
Libraries,4
Archived,4
"Real Estate, Land Records",4
Geographic Base Layers,4
Interprovincial and International Affairs,4
Government That Works,4
Urban Planning,4
Sustainability and Natural Environment,4
Open Data Program Documentation,4
"Neighbourhood Liveability, Property Standards, & Licensing",4
Insect Control,4
Formazione,4
Historical Curated Content,4
Leisure,4
US Dept of Commerce Bureau of Economic Analysis,4
Use of Force,4
Neurofeedback,3
Entertainment,3
Labor &amp; Industry,3
Solarpotenzial,3
Solarkataster Wuppertal,3
Solarstrahlung,3
Energieeinsparung,3
CO2-Einsparung,3
tetraeder.solar,3
Photovoltaik,3
Verkehrslenkung,3
Bürgerbeteiligung,3
Haushalt,3
Straßenname,3
Straßennetz,3
Bildungseinrichtung,3
NO2-Konzentration,3
Palmes-Röhrchen,3
Straßenbeleuchtung,3
DGK5,3
Deutsche Grundkarte 1:5.000,3
Änderungsverfahren,3
FNP-Änderungsverfahren,3
FNP-Änderung,3
FNP-Berichtigung,3
Immobilie,3
Gutachterausschuss,3
Adressenliste,3
Hausnummer,3
BauO NRW,3
Landesbauordnung NRW,3
Theater,3
Liegenschaftskarte,3
Katasterplan,3
Lageplan,3
Flurkarte,3
Stadtgrundkarte,3
Wuppertal-Nord,3
Wuppertal-West,3
Wuppertal-Ost,3
Gelpe,3
Landschaftsplanung,3
Naturschutzgebiet,3
Landschaft,3
Bachtal,3
Siepen,3
Festsetzungskarte,3
Entwicklungskarte,3
Entwicklungsmaßnahme,3
Pflegemaßnahme,3
Erschließungsmaßnahme,3
Entwicklungsziel,3
Landesnaturschutzgesetz NRW,3
LNatSchG NRW,3
Bundesnaturschutzgesetz,3
BNatSchG,3
Landschaftsgesetz NRW,3
LG NRW,3
Landschaftsschutzgebiet,3
Abfall,3
Elberfeld,3
Barmen,3
Denkmal,3
Denkmalerhaltung,3
Denkmalschutzgesetz NRW,3
DSchG NRW,3
Denkmallisten-Verordnung,3
Denkmalschutz,3
Denkmalpflege,3
Individualverkehr,3
Geh- und Radweg,3
Waldweg,3
Wirtschaftsweg,3
Straßenverkehrsordnung,3
StVO,3
Zeichen 240,3
Zeichen 241,3
Gebäudedatei,3
Gebäudedaten,3
Zensus 2011,3
WuNDa-Fachverfahren,3
Umweltverbund,3
Parkraumkonzept Wuppertal,3
Energiequelle,3
Umweltfreundliche Energiequelle,3
Energieverteilungssystem,3
Energietechnik,3
Elektrofahrzeug,3
Akkumulator,3
Elektrospeicher,3
Elektromobilität,3
E-Mobility,3
E-Mobilität,3
EmoTal,3
Arbeitsort,3
Schülerzahlen,3
Überflutung,3
Einwohnerzahl,3
Statistische Bezirke,3
Ergebnishaushalt,3
Aufwendungen,3
Gäste,3
Besucher,3
Altersgruppen,3
Reincarnation,3
Experimental Psi - Anomalous Influence,3
Biosecurity,3
Vehicles and Rolling Stock,3
Plasma Medicine,3
Licensing,3
Traumatic Brain Injury ,3
Elevation Model,3
Development & Infrastructure,3
Property Assessment & Levy,3
Health Providers & Services,3
Legislature,3
Pets,3
2009_AK_NASA,3
2010_AK_NASA,3
2011_AK_NASA,3
2012_AK_NASA,3
2013_AK_NASA,3
2014_AK_NASA,3
2015_AK_NASA,3
INDIA,3
HyMeX,3
Software,3
ICWQ,3
MULTI-TASTE,3
POES,3
2010_AK_UAF,3
2011_AK_UAF,3
2012_AK_UAF,3
2013_AK_UAF,3
TROPICS (EVI-3),3
1993_GR_NASA,3
1995_GR_NASA,3
1996_GR_NASA,3
1997_GR_NASA,3
1998_GR_NASA,3
1999_GR_NASA,3
2001_GR_NASA,3
2002_AN_NASA,3
2002_GR_NASA,3
2003_GR_NASA,3
2004_AN_NASA,3
2005_GR_NASA,3
2006_GR_NASA,3
SMAPVEX15,3
ORNL DAAC MODIS SUBSETS,3
2015_AK_UAF,3
2016_AK_UAF,3
FITARA,3
OCIO,3
ULANDSAT,3
NIMBUS-7,3
EMIT,3
SCP,3
SSF,3
NRL Coriolis,3
SSP,3
ESDIS,3
Metro Government,3
Art,3
"Arts, Culture, History",3
"Health, Education, and Social Services",3
Infrastructure and Development,3
Education and Workforce Development,3
Mobility ,3
Tickets and Adjudication,3
Traumatic Brain Injury,3
"Children, Schools & Family",3
Health Inequalities,3
Elevation,3
Historic,3
Arrest,3
Traffic Crashes,3
SoLoMo Smoking Cessation,2
Adolescents and Youth,2
Keuangan dan Penganggaran,2
Pendidikan dan Kebudayaan,2
Medio Ambiente,2
Grammars of Coercion,2
Fauna,2
Solarpotenzialkataster,2
Solarpotenzialanalyse,2
Solarnutzung,2
Sonneneinstrahlung,2
Solarwärme,2
Solarthermie,2
Energiewirtschaft,2
Erneuerbare Energien,2
EEG,2
Erneuerbare-Energien-Gesetz,2
begrüntes Gebäude,2
Feinstaub,2
Solarstrom,2
Photovoltaikanlage,2
Partizipation,2
Mitmachen,2
Corona,2
Covid,2
Pandemie,2
Fernwärme,2
Mobilität,2
Jahresmittelwert,2
NO2-Messwert,2
Messwert,2
NO2-Monatswert,2
Bildung,2
Grundschule,2
Gymnasium,2
Realschule,2
Hauptschule,2
Gesamtschule,2
Waldorfschule,2
Schüler*innenanzahl,2
POI,2
Points of Interest,2
Bildungsanstalt,2
Wohnlage,2
Wohnlagenkarte,2
Miete,2
Wohnungsmiete,2
Lagequalität,2
Mietspiegel,2
Immobilienmarkt,2
Grundstücksmarkt,2
Gebäudereferenz,2
Hausnummernzusatz,2
Adresszusatz,2
Fertigstellungsanzeige,2
Stadtverwaltung,2
Freizeit,2
Kultur,2
Museum,2
Filmtheater,2
Veranstaltungsort,2
Kataster,2
Grundbuch,2
tatsächliche Nutzung,2
Gemarkung,2
Umweltrecht,2
Umweltplanung,2
Digitales Geländemodell,2
Langerfeld-Beyenburg,2
Cronenberg,2
Automobil,2
IT.NRW,2
Schulabgänger,2
Schulabgängerin,2
Schüler,2
Allgemeinbildende Schule,2
Kindertageseinrichtung,2
verbindlicher Bauleitplan,2
Naturdenkmal,2
Denkmalbereichssatzung,2
Denkmalbereich,2
Denkmalliste Teil D,2
Baublock,2
Wohngebiet (mit Verkehrsberuhigung),2
Verkehrsvorschriften,2
Verkehrslärmschutz,2
Lärmbekämpfung,2
Geschwindigkeitsbeschränkung,2
Verkehrsberuhigung,2
Tempo30-Zone,2
Zeichen 274.1-50,2
Zeichen 274.2-50,2
Zeichen 274.2-40,2
Verkehrsweg,2
Einbahnstraße,2
unechte Einbahnstraße,2
Verkehrsmodell Wuppertal,2
NRW-Radverkehrsnetz,2
NRW-Netz,2
Steigung,2
Beleuchtung,2
Bahntrassenweg,2
Fußgängerzone,2
Zugangspunkt,2
Zugang,2
Zugangsplatz,2
Volkszählung,2
Baugenehmigung,2
Gebäudebaujahr,2
Gebäudealter,2
Bauantrag,2
Bauantragsunterlagen,2
Bauwerk,2
B+R-Anlage,2
Bike and Ride Anlage,2
B+R-Konzept,2
ÖPNV,2
Amtliche Stadtkarte,2
Stadtplanwerk Ruhrgebiet,2
DSR,2
auf Karte,2
MERKIS RBE3,2
Regionalverband Ruhr,2
RVR,2
Segment,2
Kommunalwahlgesetz NRW,2
Statistische Einheiten,2
Wahlkreis,2
Landtagswahlkreis,2
Grundstücksmarktbericht,2
Wertermittlung,2
BORISplus.NRW,2
Pedelec,2
E-Fahrrad,2
Elektro-Fahrrad,2
Bundesagentur für Arbeit,2
BfA,2
Beschäftigtenstatistik,2
Beschäftigter,2
Beschäftigte,2
Arbeitsortprinzip,2
Ladestation,2
Akku,2
Fluglärm,2
Verkehrsmengenkarte,2
Qualitätsvereinbarung,2
E-Tretroller,2
E-Scooter,2
Straßen,2
Straßendaten,2
Schienenlärm ohne DB,2
Straßenbahn,2
Gewerbelärm,2
Gewerbe,2
Einwohner,2
Wahlen,2
Gemeinderat,2
Wasser,2
Bundestagswahl,2
Haushaltsplan,2
Finanzhaushalt,2
Erträge,2
Einzahlungen,2
Auszahlungen,2
Rechnungswesen,2
Neues Kommunale Rechnungswesen,2
Abschreibungen,2
Rückstellungen,2
Baufertigstellungsstatistik,2
Wohnräume,2
Umringsgrenzen,2
Übernachtungen,2
Beherbergungsbetriebe,2
Olantis,2
Pkw,2
Geburten,2
Hallenbad,2
Studierendenzahlen,2
weibliche Studierende,2
Studienanfängerinnen,2
Studienanfänger,2
Haushaltsjahr,2
Perizinan,2
Disasters,2
Aquaculture,2
EMIS Policy,2
News and Events,2
"Forest Preserves, Parks & Recreation",2
Teen Vaccinations,2
Chronic Disease Indicators,2
Healthy Aging,2
Healthy People 2020,2
Disability & Health,2
Cessation Coverage ,2
Injury & Violence,2
Survey Questions (Tobacco Use),2
Buildings & Trails,2
Administrative Services,2
Early childhood,2
Communications,2
Municipal,2
"Land, Planning and Housing",2
Data Sharing,2
Property Data,2
Economic Supports,2
Communities & Commerce,2
Crashes,2
Roads,2
ELTA,2
2021_AK_UAF,2
MEaSUREs/HOMaGE,2
SGP,2
ACRIM III,2
TransCom,2
Landslide Project,2
NOBM,2
VIRGAS,2
GRAND,2
AMSR-E/AMSR2 Unified Data,2
POAM,2
TOGA COARE,2
ATLAS,2
Columbia,2
Discovery,2
Endeavour,2
NCA-LDAS,2
CROPCLIM,2
1993_AN_NASA,2
1994_AN_NASA,2
1994_GR_NASA,2
1995_AN_NASA,2
1996_AN_NASA,2
1997_AN_NASA,2
1998_AN_NASA,2
1999_AN_NASA,2
2000_AN_NASA,2
2000_GR_NASA,2
2001_AN_NASA,2
2003_AN_NASA,2
2004_GR_NASA,2
2005_AN_NASA,2
2006_AN_NASA,2
2007_AN_NASA,2
2008_AN_NASA,2
2008_GR_NASA,2
MISR_Volcano_Research,2
URBANSPATIAL,2
2017_AK_UAF,2
2018_AK_UAF,2
2019_AK_UAF,2
2020_AK_UAF,2
GROADS,2
MERRA-2 Observation,2
NEWS,2
GRACE-DA-DM,2
FOOD,2
CIOSS,2
IFLOODS,2
NMP,2
SMMR,2
OSTM,2
ENERGY,2
AGLANDS,2
TC4,2
Polar Winds I,2
2014_AK_UAF,2
ICARTT_2004,2
TCTE,2
SPECIES,2
USPAT,2
HAQAST,2
TOPEX/POSEIDON,2
IPY DATAPOOL,2
IPY SEA ICE 2002-2003,2
"GA""",2
"New Zealand""",2
Recycling/Conservation,2
"Elections, Politics",2
Procurement and Contracts,2
Training and Wages,2
Early Education,2
Licenses & Certificates,2
311,2
Vibrant Economy,2
Environment & Natural Resources,2
Revenues,2
Traffic,2
CIP,2
Streets,2
Fire and Paramedic Service,2
Province of Manitoba,2
Università e ricerca,2
Solidarietà,2
Heart / Stroke,2
Inpatient,2
Cessation Coverage,2
Consumer,2
International,2
Managing Director,2
Media,2
Weather,2
Erkende bedrijven,2
Dept of Natural Resources,2
Dept of Health,2
State Board of Education,2
Sleep Quality,1
e-Cigarette,1
Public Service Announcement,1
Social-Local-Mobile,1
Immigrants and Immigration,1
Penanaman Modal,1
Ketenagakerjaan,1
Kepemudaan,1
Finance and Budgeting,1
Deporte,1
RV Competitions,1
Sites and Fields of Coercion,1
Livestock,1
Climate Change,1
Food and Nutrition,1
Fisheries &amp;  Aquatic Life,1
Migration,1
Nature Perception,1
Solarthermieanlage,1
Gründachkataster,1
Gründachpotenzialkataster,1
Gründachpotenzial,1
Gründachanalyse,1
Gründachpotenzialanalyse,1
Gründach,1
Gründachanlage,1
Dachbegrünung,1
Stadtklima,1
Lokalklima,1
Regenrückhalt,1
PV-Anlage,1
Stromertrag,1
bergisch.smart_mobility,1
BSM,1
BSM-Daten,1
BSM-Methoden,1
Luftbild,1
Mustererkennung,1
Künstliche Intelligenz,1
KI,1
KI-Modell,1
maschinelles Lernen,1
Trainingsdatensatz,1
Orthofoto,1
Verkehrszeichen,1
Verkehrszeichenkataster,1
Verkehrssteuerung,1
Fahrbahnmarkierung,1
Richtungspfeil,1
Verkehrspfeil,1
RMS,1
Richtlinien für die Markierung von Straßen,1
Zeichen 297,1
Kleingarten,1
Kleingartenanlage,1
Kleingartenverein,1
KGV,1
Kleingartenwesen,1
Bundeskleingartengesetz,1
BKleingG,1
Bahn-Landwirtschaft,1
Soziale Beteiligung,1
Ehrenamtsstelle,1
Ehrenamtsangebot,1
Ehrenamtsvermittlung,1
Zentrum für gute Taten,1
Freiwilligenagentur Wuppertal,1
KoSI-LAB,1
Kommunale soziale Innovationslabore,1
Bürgerengagement,1
Engagementstrategie,1
FreiNet-Online,1
Epidemie,1
Krankheit,1
Menschliche Krankheit,1
Virus,1
Corona-Virus,1
Corona-Fallzahlen,1
Corona-Infektionen,1
Coronazahlen,1
Inzidenz,1
Inzidenzwert,1
Sieben-Tage-Inzidenz,1
Neuinfektionen,1
Infizierte,1
Genesene,1
Verstorbene,1
Quarantäne,1
Corona-Dashboard,1
Krisenstab,1
CSM,1
Corona Stadt Monitor,1
Sirene,1
Chemieunfall,1
Brand,1
Feuerwehr,1
Bevölkerungsschutz,1
Katastrophenhilfe,1
Großeinsatzlage,1
Naturkatastrophe,1
Bevölkerungswarnsystem,1
Bevölkerungswarnung,1
Gefahrenwarnung,1
Sirenenalarm,1
Katastrophenschutz,1
Warnung,1
Alarm,1
Straßenlänge,1
Hausnummernbereich,1
Straßenliste,1
Windenergie,1
Wasserstoff,1
Wasserkraft,1
Forschung,1
Erwachsenenbildung,1
Beratung,1
Klimaänderung,1
Mobilitätsberatung,1
Fahrradgarage,1
Reparaturservice,1
Reparaturcafé,1
Umweltbildung,1
Klimabildung,1
Energiebildung,1
Kinder- und Jugendbildung,1
Umweltberatung,1
Energieberatung,1
Beratungsstandort,1
Sonnenenergie,1
Quartiersentwicklung,1
Klimaquartier,1
Klimaschutzsiedlung,1
Klimasiedlung,1
klimagerechtes Gebäude,1
Anlage Erneuerbare Energie,1
Klimaschutzakteur,1
Klimawandel,1
Nachhaltigkeit,1
CO2,1
Klimaschutzstandort,1
Klimastandort,1
Verkehrswende,1
NO2-Jahresmittelwert,1
Messorte,1
Messstandorte,1
Steuerungstechnik,1
LED,1
Stromverbrauch,1
Beteiligungsbericht,1
Bildungswesen,1
Kulturelle Einrichtung,1
Berufsausbildung,1
Förderschule,1
Berufsschule,1
Berufsbildende Schule,1
Privatschule,1
Schulweg,1
Schulwegkarte,1
Schultyp,1
Schulbildung,1
FNP-Anlagen,1
Erläuterungsbericht,1
Kompensationskonzept,1
Gewässernetz,1
Spielflächenkonzept,1
Denkmalpflegerischer Fachbeitrag,1
Arbeitskarte,1
FNP-Auszug,1
Hauptnutzung,1
FNP-Hauptnutzung,1
Lageimage,1
Bauordnung NRW,1
Dienstanweisung,1
Club,1
Kino,1
Galerie,1
Ausstellung,1
Filmvorführung,1
Kleinkunst,1
Konzert,1
Lesung,1
Milonga,1
Party,1
Theateraufführung,1
Tango Argentino Club,1
Kulturkneipe,1
Kulturcafé,1
Konzerthalle,1
Kabarett,1
Freilichtbühne,1
Buchladen,1
Literaturcafé,1
Ausstellungsfläche,1
Gebaute Umwelt,1
Gebäudefunktion,1
Hauptgebäude,1
Nebengebäude,1
Haus,1
Flächennutzungsklassifikation,1
Bodennutzungssystem,1
Bodenbedeckung,1
Flächenfunktion,1
Flurstück,1
Parzelle,1
Flurstückszähler,1
Flurstücksnenner,1
Flurstücksfläche,1
Gemarkungsnummer,1
Gemarkungsname,1
Flur,1
Flurnummer,1
ProBAUG,1
WuNDa/Adressen,1
Kilometerquadrat,1
Natürliche Umwelt,1
Naturgebiet,1
Natur,1
Höhe,1
Gelände,1
Höhenlinie,1
Konturlinie,1
Lidar,1
DGM,1
DGM1,1
Versorgung,1
Verbrennung,1
Schlacke,1
Oberbarmen,1
Heckinghausen,1
Ronsdorf,1
Vohwinkel,1
Elberfeld West,1
Sonnborn,1
Küllenhahn,1
Unterbarmen,1
Langerfeld,1
Wichlinghauser Markt,1
Am Diek,1
Einzelhandel,1
Hauptzentrum,1
Innenstadtzentrum,1
Nebenzentrum,1
Nahversorgungszentrum,1
zentraler Versorgungsbereich,1
potenzielle Erweiterung,1
Ergänzungszone,1
Erweiterungszone,1
Zentrenstruktur,1
Einzelhandels- und Zentrenkonzept Wuppertal,1
Nahversorgungslage,1
Sonderstandort,1
Potenzialfläche für den Einzelhandel,1
Neustrukturierungsfläche,1
Erweiterungsfläche,1
Standortstruktur,1
EZK,1
ZVB,1
Nahversorgung Luisenviertel,1
Rathausgalerie,1
Concordia,1
Werth 55,1
Eastgate Werth,1
Weiher Straße,1
Lichtscheider Höhe,1
Otto-Hausmann-Ring,1
Uellendahler Straße West,1
Steinbecker Meile,1
Widukindstraße,1
Wicküler Park,1
Schmiedestraße,1
Eichenhofer Weg,1
Düsseldorfer Straße,1
Dieselstraße,1
Carnaper Straße,1
Hatzfelder Straße,1
Wichlinghausen,1
Unterdörnen,1
Dahler Straße,1
Uellendahler Straße,1
Carsharing-Station,1
Carsharing-Standort,1
cambio,1
Flinkster,1
RUHRAUTOe,1
Carsharing,1
Schulabschluss,1
Hauptschulabschluss,1
Fachoberschulreife,1
Sekundarabschluss I,1
Fachhochschulreife,1
Hochschulreife,1
Schülerinnen,1
Abitur,1
Sozialdienst,1
Kindertagesstätte,1
Kindergarten,1
Kita,1
Inklusion,1
integrative Tageseinrichtung,1
Betreuungsangebot,1
Sozialgesetzbuch VIII,1
SGB VIII,1
öffentliche Jugendhilfe,1
Versorgungswirtschaft und staatliche Dienste,1
Herbringhausen,1
Spieckern,1
Hardtplätzchen,1
Frielinghausen,1
Innenbereichssatzung,1
Klarstellungssatzung,1
im Zusammenhang bebauter Ortsteil,1
Zulässigkeit von Vorhaben,1
FFH-Gebiet,1
Ortskern Beyenburg,1
Ortskern Cronenberg,1
Ortsteil Wichlinghausen,1
Lotte-Neumann-Siedlung,1
Konrad-Adenauer-Straße,1
Westlicher Werth,1
Robert-Koch-Platz,1
Liebigstraße,1
Elberfelder Nordstadt,1
Briller Viertel,1
Sedansberg,1
Siedlungsstraße,1
Wachtelstraße,1
Platz am Kolk,1
Döppersberg,1
Alte Freiheit,1
Poststraße,1
Luisenstraße,1
Friedrich-Ebert-Straße,1
Ottenbrucher Straße,1
Grünewalder Berg,1
Siedlung Pastorat,1
Stadtplanung,1
Örtliche Bauvorschrift,1
Erhaltungssatzung,1
Gestaltungssatzung,1
Ortsbildsatzung,1
Stadtgestaltung,1
Bauordnungsrecht,1
Besonderes Städtebaurecht,1
Baudenkmal,1
Denkmalliste Teil A,1
Stadtgeschichte,1
Beyenburg,1
Zoo-Viertel,1
Landschaftsnutzung,1
Bodennutzungsanteile,1
Flächenanteile,1
Energiedichte der Solarstrahlung,1
Versiegelungsdaten-Informationssystem,1
VerDIS,1
Beschilderung,1
radfrei,1
radfreie Einbahnstraße,1
radverkehrsfreie Einbahnstraße,1
Gefälle,1
Beleuchtungsinformationssystem,1
BELIS,1
Zugangsweg,1
Tunnel,1
Brücke,1
Tigerbrücke Zoo,1
Blombachtalbrücke,1
Tunnel Dorp,1
Tunnel Dorrenberg,1
Tunnel Engelnberg,1
Legobrücke Schwesterstraße,1
Tunnel Rott,1
Viadukt Steinweg,1
Viadukt Westkotter Straße,1
Tunnel Fatloh,1
Viadukt Bartholomäusstraße,1
Viadukt Wichlinghauser Straße,1
Brücke Bracken,1
Tunnel Schee,1
Radverkehrsnetz NRW,1
Radverkehrsnetz Nordrhein-Westfalen,1
Bergbahntrasse Solingen,1
Panoramaradweg Niederbergbahn,1
Korkenziehertrasse,1
Deutsche Fußballroute NRW,1
Parkscheinautomat,1
PSA,1
Park- und Messtechnik,1
Parkraumbewirtschaftung,1
Parkstreifen,1
Parkplatzfläche,1
Parkgebühr,1
Stellplatz,1
Radabstellanlage,1
Wupper,1
Öffentlicher Verkehr,1
Transportsystem,1
Personennahverkehr,1
Schwebebahn,1
Haltestelle,1
Wuppertaler Stadtwerke,1
WSW,1
P+R-Anlage,1
Park and Ride Anlage,1
P+R-Konzept,1
Umweltzone,1
Zeichen 270.1,1
Feinstaubplakette,1
Übersichtskarte,1
UEK40,1
Stimmbezirk,1
Wahlbezirk,1
Kommunalwahlbezirk,1
Landeswahlgesetz,1
LWahlG,1
Bundestagswahlkreis,1
Bundeswahlgesetz,1
BWahlG,1
Grundstückswert,1
Marktanalyse,1
Immobilienmarktdaten,1
Umsatz,1
Preisentwicklung,1
Preisniveau,1
Indexreihe,1
Liegenschaftszinssatz,1
Marktanpassungsfaktoren,1
Umrechnungskoeffizienten,1
Vergleichsfaktoren,1
Gebäudefaktoren,1
§193 BauGB,1
Bodenrichtwert,1
Bodenwert,1
BORIS,1
BRW,1
Richtwerte,1
Grundstück,1
Richtwertgrundstück,1
Verkehrswert,1
Kaufpreissammlung,1
Gutachter,1
Boden,1
BORISplus,1
Bergischer Städteatlas,1
Grenze,1
Stadtgebiet,1
Stadtgrenze,1
Stadtgebietsgrenze,1
Statistischer Bezirk,1
Quartier,1
Stadtteil,1
Ortsteil,1
Bibliothek,1
Erholung,1
Gesellschaft,1
Gesundheit,1
Religion,1
Erholungsgebiet,1
Städtische Grünfläche,1
Wald,1
Badeanstalt,1
Sozialeinrichtung,1
Krankenhaus,1
Bahnhof,1
Kirche,1
Sportanlage,1
Behörde,1
Dienstleistungsangebote,1
Erholungsraum,1
Friedhof,1
Freizeitsportangebote,1
Schwimmbad,1
Sehenswürdigkeit,1
Bezirkssozialdienst,1
Jugendtreff,1
Kindertreff,1
Medien,1
Soziale Einrichtung,1
Schwebebahnhaltestelle,1
Sporthalle,1
Sportplatz,1
AWG,1
Polizeidienststelle,1
Stadtbild,1
Tourismus,1
öffentliche Dienstleistungen,1
Interessante Orte,1
Pedelcverleih,1
Lehrer,1
Lehrer*innenanzahl,1
Schulart,1
Schulform,1
Lehrerbestand,1
Schülerbestand,1
Lehrkraft,1
Freie Waldorfschule,1
Sonderschule,1
Schule der allgemeinen Fortbildung,1
Abendrealschule,1
Abendgymnasium,1
Kolleg,1
Pendler,1
Einpendler,1
Auspendler,1
Pendlerin,1
Einpendlerin,1
Auspendlerin,1
Pendlersaldo,1
Wohnort,1
Wohnortprinzip,1
Gebäude mit Wohnraum,1
Wohnung,1
Einfamilienhaus,1
Zweifamilienhaus,1
Mehrfamilienhaus,1
Altersgruppe,1
Männer,1
Frauen,1
E-Auto,1
Elektro-Auto,1
Einschulung,1
Schulabsolventen,1
Schulabschlüsse,1
Aufenthaltsqualität Braunschweiger Innenstadt,1
Attraktivität Einzelhandelsangebot,1
Besuchsanlässe,1
Glasfaserausbau,1
Internet,1
Telekommunikation,1
Kfz,1
Parkverbotszone,1
Geschäftsgebiet,1
Grundwasserschutz,1
Trinkwasserversorgung,1
Wasserschutz,1
besonders geschützte Bäume,1
Staatsangehörigkeit,1
Migrationshintergrund,1
Adressen,1
Höhen,1
Höhenlinien,1
Geländemodell,1
Wahlbezirke,1
Stadtbezirke,1
Radwege,1
Fahrradstraßen,1
Sanierungsgebiet,1
Fördergebiet,1
Städtebauförderung,1
Passantenfrequenzen,1
Besucherfrequenzen,1
Laserfrequenzmessung,1
Sterbedaten,1
Finanzen,1
Plan,1
Entsorgung,1
Sozialdaten,1
Wochenmarkt,1
Schadstoffe,1
Sitzungsplan,1
Gremien,1
HNV,1
Verkehrsverbund,1
Haltestellen,1
Trinkwasser,1
Wasserhärte,1
Biontech,1
AstraZeneca,1
Moderna,1
Landtagswahl,1
Oberbürgermeister,1
Arbeitslosigkeit,1
Arbeit,1
Erwerbstätige,1
Kohlendioxid,1
Emissionen,1
Gemeinderatswahl,1
Europawahl,1
Anliegenmanagement,1
Open Government,1
Studierende,1
Wissensstadt,1
Hochschulen,1
Gäste; Jugendherberge; Zimmer; Betten; Übernachtungen,1
Defibrillator,1
Standorte,1
Güterumschlag,1
Hafen,1
Wohnheime,1
Einwohner je Wohnung,1
Statistische Unterbezirke,1
Hundesteuer,1
Aufwandssteuer,1
ordnungspolitisch,1
Campingplatz,1
Freibad,1
Huntebad,1
Flötenteich,1
Kraftstoff,1
Emission,1
Schadstoff,1
Benzin,1
Diesel,1
Gas,1
Hybrid,1
Elektro,1
Euro,1
Linienverkehr,1
Busse,1
VWG,1
Fahrbahn,1
Gehweg,1
Verbindungsweg,1
Ordnungswidrigkeit,1
Verfahren,1
Bußgeld,1
Verwarnung,1
Unfälle,1
Unfallursache,1
Oldenburger Krankenhäuser,1
Geborene,1
Erlebnisbad,1
Staatstheater,1
Vorstellungen,1
Aufführungen,1
Besuchende,1
Stadtgrenze; Umring,1
Schleuse,1
Bergfahrt,1
Talfahrt,1
Ladung,1
Krafträder,1
Kombi,1
Omnibusse,1
Lkw,1
Zugmaschinen,1
Anhänger,1
Jade Hochschule Oldenburg,1
Kopfstatistik,1
Carl von Ossietzki Universität Oldenburg,1
Bildungsausländerinnen,1
Bildungsausländer,1
Steuerkraftmesszahl,1
Schlüsselzuweisung,1
Steuereinnahmen,1
Grundsteuer A+B,1
Gewerbesteuer,1
Einkommensteueranteil,1
Gemeindeanteil an der Umsatzsteuer,1
Getränkesteuer,1
Vergnügungssteuer,1
sonstige Steuern,1
Gesamtergebnisrechnung,1
Verwaltungshaushalt,1
Anordnungssoll,1
Ausgaben,1
Wirtschaftsabteilungen,1
WZ 2008,1
Gemeindekennziffer,1
Amtlicher Gemeindeschlüssel,1
Lage der Stadt,1
Geografische Koordinaten,1
Stadtfläche,1
Höhenlage,1
Bevölkerungsdichte,1
Nutzungsart,1
Flächengrößen,1
Bevölkerung,1
Anteil,1
Geschlechter,1
Gender,1
Sterbefälle,1
Geburtenüberschuss,1
Geburtendefizit,1
Bauland,1
Kauffälle,1
Flächenumsatz,1
Kaufpreissumme,1
Kaufpreis je m²,1
Flächengröße,1
Hauptwohnung,1
Nebenwohnung,1
amtliche Einwohnerzahl,1
Einwohnerzahl der Meldebehörde,1
Wanderungsbewegungen,1
Zuzüge,1
Fortzüge,1
Survival of Bodily Death,1
Maritime Boundaries,1
Nauru TSB,1
Nauru Territorial Sea Baseline,1
Pacific Regional Maritime Boundaries,1
Contiguous Zone,1
Niue Contiguous Zone,1
Biogenic habitat,1
Emergency management,1
Situation Analysis of Children in the Pacific Island Countries,1
Inclusive Education Policy,1
Strategic Plan 2019-2023,1
Education Strategic Framework,1
Curriculum Framework,1
Policy on Special and Inclusive Education,1
ICT in Education Policy,1
Policy on School Counselling,1
Learning for Life Cook Islands Education Master Plan 2008-2023,1
Policy on Fiji Education Management Information System,1
Finance Manual 2017,1
School Management Policy,1
National Education Plan 2016-2020,1
School Registration Policy,1
Samoa Education Sector Plan July 2013 - June 2018,1
Fiji Education Act 1978,1
Policy in Early Childhood Education,1
National Professional Development Policy,1
Education Master Plan 2017-2027,1
Corporate Plan 2018-2020,1
Staffing Manual,1
Policy Statement and Guidelines for National Curriculum,1
Inclusive Education Implementation Plan 2019-2020,1
National Education Plan 2015-2019,1
Policy on External Examinations and Assessment,1
National Curriculum Assessment and Reporting,1
Human Resources Policy and Procedures Teachers Transfers,1
School Handbook,1
Classification,1
Tariff,1
Trade regulation,1
Exports,1
Imports,1
Policy Statement and Guidelines for Basic Education,1
Professional Development Policy,1
Policy Statement and Guidelines for School Grants,1
Child Safeguarding Policy,1
Community-level insights generated to guide management of Pacific Island landscape multifunctionality.,1
Education Strategic Plan 2020-2024,1
Teacher Certification Regulations,1
Cook Islands,1
School Systems Rules and Regulations,1
Education Act 2011,1
Education Strategic Plan 2021-2030,1
School Grant Code,1
National Assessment and Reporting Policy,1
Education Policy Framework,1
Education Act 2013,1
National Minimum Competency Test Policies and Procedures,1
National Policy on Vocational Development & Skills Training,1
Teacher Education and Development,1
Policy Statement and Guidelines for School Infrastructure,1
Dress Code,1
Grading System & Homework Guidelines,1
Curriculum and Assessment,1
Disaster Risk Management Plan,1
Child Protection Policy,1
ECCE Act,1
Language Education Policy,1
School Accreditation,1
School System Act,1
FSM Language policy,1
Fishery management,1
Food,1
A Well Run City,1
Miscellaneous,1
Labor & Employment,1
Disaster,1
Social Impact,1
Lobbyists,1
Historic Resource,1
Drainage,1
Environment & Health,1
Policing Metrics,1
Citywide Metrics,1
Juvenile Detention,1
Tranportation Operations,1
Community & Adult Ed,1
?,1
A Prosperous City,1
Conservation,1
Insurance,1
2018_AK_NASA,1
NOPP,1
TRMM-LBA,1
SAM-II,1
SPATIALECON,1
CARAFE,1
SAGE III/ISS,1
ARESE,1
Saildrone Baja,1
AMI,1
WINCE,1
SMERGE,1
LDCM,1
LITE,1
2012_GR_GBMF,1
2012_PA_GBMF,1
2016_PA_GBMF,1
TCI,1
BIO_BURN,1
ACRIMII,1
NOAA CLIMATE DATA RECORD (CDR) PROGRAM,1
Polar Winds II,1
THORPEX,1
CAMEX-1,1
machine learning,1
ROSES,1
"Buffalo Creek, GA",1
"Jornada, NM",1
"La Mancha, Spain",1
"Strait of Messina, Italy",1
ATOST,1
CALIPSO-NVF,1
JAX90,1
RSS,1
SAGE I,1
GARP/FGGE,1
Natural hazards,1
CALVA,1
SARAL,1
2017_AN_UAF,1
JASON-3,1
CD,1
MOOSE,1
NGEE-Arctic,1
HRAC,1
NASA-Airborne-Lidar,1
AVHRR 1-KM PATHFINDER,1
DEDC,1
SUCCESS,1
HASO2,1
CAMEX-2,1
CaPE,1
ARB,1
SAGE II,1
"Florida Keys, FL",1
"Rosamond Lake, CA",1
"Missouri River, NE",1
"Terengganu, Malaysia",1
"Usumacinta, Mexico/Guatemala",1
"Pulau Redang, Malaysia",1
"Usumacinta, Mexico",1
Taiwan - south,1
"Kinabalu, Malaysia",1
"Rosamond Dry Lake, CA",1
"Santa Monica Basin, CA",1
"Monterey Bay, CA",1
WATER,1
LCCP,1
TEFLUN-A,1
GHSL,1
NOPP_MISST,1
IERS,1
TWP-ICE,1
GEOS-3,1
2009_AN_CRESIS,1
IPY,1
Severe hail climatology using regional to global scale satellite observations,1
AIRMOSS,1
KWAJEX,1
JPL/PCMDI,1
SCAR_A,1
"S1 I-grams (BETA) - Mexico City, Mexico",1
RELAMPAGO,1
Level 1 calibrated radiance,1
Surface Solar Energy Resources and Meteorological Conditions,1
CLIMMIG,1
"[
  ""Alligator River",1
"""North Atlantic Ocean (Almaz)""",1
"""Altamaha",1
"""Bighorn Basin",1
"""Chickasha",1
"""Vancouver Island",1
"""Northern Box",1
"""S. Fen",1
"""St. Charles",1
"""West Taiwan""",1
"""Yakushima",1
"""Yellow River",1
NT,1
"""Anza Borrego Park",1
"""Colombia/Peru Border""",1
"""Otztal",1
"Austria""",1
"""Olary",1
"""Overton Bottoms",1
"""Davis",1
"""Death Valley",1
"""Pt. Farewell",1
"""Fowlers Gap",1
"""Gilmore Creek",1
"""Guadalcanal",1
"Solomon Islands""",1
"""Gualala River",1
"""Jocotitlan",1
"""Kahoolawe",1
"""Kalgoorlie",1
"""Rabaul",1
"""Rio Hondo",1
"Belize""",1
"""Lawlers",1
"""Leach Lake",1
"""Lytle Creek",1
"""Manix",1
"""Sugar Loaf Pt",1
"""Sunset Crater",1
"""Tumut",1
"""Yeo-Su",1
"""SP Flow",1
"""Wicomico",1
"MD""",1
"""Arkansas County",1
"""Black Spruce",1
"""Buffalo Creek",1
"""Collier County",1
"""Cusick",1
"""Okefenokee",1
"GA/FL""",1
"""Davao",1
"""Endyalgout Island",1
"""Flevoland",1
"Netherlands""",1
"""Great Victoria",1
"""Gunn Point",1
"""Half Moon Bay",1
"""Humpty Doo",1
"""Illogwa",1
"""Jemalong",1
"""Jornada",1
"NM""",1
"""Kaingaroa",1
"""Kiribati",1
"Gilbert Islands""",1
"""Riverside County",1
"""Manatee County",1
"""Santa Rosa",1
"""Teapot Domes",1
"""Telfer",1
"""Mt. Iwate",1
"""Mt. Bruce",1
"""Tongariro",1
"""Ventura County",1
"""Voyageurs",1
"MN""",1
NIMBUS7,1
FIRE/ACE,1
ATOMIC,1
Beautification,1
Medical,1
"Parks, Parkways",1
Customer Service,1
Life Enrichment,1
TNI,1
Geographic,1
Planning and Development,1
Happiness,1
Public Reports and Maps,1
City Government ,1
Special Events,1
Filming,1
Manitoba Agricultural Services Corporation,1
Cemeteries,1
Customer Service and Communications,1
Fire and Rescue Response,1
STDs,1
Diabetes,1
Crime and Criminal Justice,1
Product catalogus,1
Government & Taxes,1
Dept of Human Services,1
Tickets and Citations,1
